Query,Sentence,Status,Reason,Similarity,SimilarTo
嘿，今天过得咋样,麻烦问一下今天状态如何,passed,passed,,
堵车的时候听啥歌能解闷儿,帮我找些堵车时能解闷的歌,passed,passed,,
开车跑长途，路上带啥吃的顶饿又方便,帮我查下长途开车吃啥顶饿的食品,passed,passed,,
这鬼天气老是下雨，车都脏得没法看了，你说咋办,这破天气一直下雨，车脏得都没法见人了，你快想想办法,passed,passed,,
有没有那种做瑜伽时候听的有声书推荐,请给我推荐一些适合冥想瑜伽时听的有声书,passed,passed,,
我想开车去自驾游，哪个地方的风景好又不堵车,帮我找个风景好又不堵车的自驾游地点,passed,passed,,
给我讲个开车相关的笑话乐呵乐呵,麻烦给我来个跟开车有关的笑话,passed,passed,,
怎么才能高效的工作？,麻烦告诉我高效工作的方法,passed,passed,,
来个猜车标的谜语玩玩,给我来个猜车标谜语乐一乐,passed,passed,,
我们来玩成语接龙吧，我先开始，为所欲为,请开启成语接龙游戏，我先说，四面楚歌,passed,passed,,
我发现路上好多车贴都特别逗，你觉得不,我碰到好多车尾的车贴都特别有意思，你怎么看,passed,passed,,
晚上我不敢一个人开车，给我打打气呗,晚上我一个人开车有点害怕，你给我打打气吧,passed,passed,,
我一开高速就紧张，有啥好办法不,我一上高速就紧张得不行，快给我想个缓解的办法,passed,passed,,
你知道汽车史上有啥奇葩的发明不,麻烦给我说说汽车史上有啥奇特的发明,passed,passed,,
现在汽车新技术越来越多，有哪些是实用的,帮我查一下汽车有哪些实用的新技术,passed,passed,,
介绍下明朝那些事儿,请介绍下《万历十五年》,passed,passed,,
不同国家的汽车文化有啥差异,麻烦给我讲讲不同国家汽车文化的差异,passed,passed,,
柜子里面为什么会生霉？,麻烦告诉我柜子生霉是啥原因,passed,passed,,
来南京旅游有什么自然风光的景点？,帮我找找苏州的自然风光景点,passed,passed,,
南京好吃的美食有哪些？,帮我查一下成都的特色美食有哪些,passed,passed,,
南京古城墙的历史有多久？,请帮我查一下西安大雁塔的历史时长,passed,passed,,
小朋友坐车上哪个位置安全性最高？,请告诉我小朋友乘车时哪个位置安全性最高,passed,passed,,
我梦想着有一天能开着自己的车环球自驾游,我希望能开着车来一场环球的自驾之旅,passed,passed,,
我上次开车撞到停车场闸机栏杆了，那叫一个狼狈,上次我开车过商场停车场的时候，不小心撞到闸机栏杆了，特别尴尬,passed,passed,,
我觉得开车就应该开手动挡，自动挡开着没劲，你觉得呢,麻烦和我交流下驾驶挡位的偏好呗，我觉得开手动挡才有驾驶乐趣,passed,passed,,
最近新能源车起火的新闻，你咋看,麻烦说说你对最近电子产品爆炸新闻的看法,passed,passed,,
现在路上新能源车越来越多了，对吧,咱们聊聊当下新能源车的情况吧,passed,passed,,
你觉得汽车广告里的哪些流行元素比较能勾起人们的买车欲望,请告诉我手机广告里的哪些流行元素比较能勾起人们的购买欲望,passed,passed,,
新出的AR智能眼镜好用不,麻烦告诉我新上市的AR眼镜使用效果如何,passed,passed,,
听说以后能在网上直接买车了，靠谱吗,请告诉我网上买车靠不靠谱,passed,passed,,
今年高考政策有变化吗,麻烦告诉我今年高考政策有没有变化,passed,passed,,
怎么让小朋友轻松愉快的学习？,帮我找找让孩子高效学习的方法,passed,passed,,
在线学英语的网站有哪些？,麻烦搜一下在线学英语的论坛,passed,passed,,
今年的LPR有啥调整吗,麻烦告诉我今年的房贷利率有调整吗,passed,passed,,
买虚拟货币投资靠谱吗,帮我评估下虚拟货币投资可不可行,passed,passed,,
5.4青年节的由来？,帮我查询一下端午节的由来,passed,passed,,
最近新能源二手车市场行情咋样,麻烦查一下最近传统燃油二手车市场行情,passed,passed,,
我这个车过个100年算不算文化遗产,麻烦问一下，我这辆车过个50年能不能算文化遗产,passed,passed,,
法拉利458算艺术品吗,兰博基尼Huracán算艺术品吗,passed,passed,,
汽车工业史上有哪些传奇人物,帮我查一下汽车领域有哪些传奇人物,passed,passed,,
佛教的起源？,帮我查询一下基督教的起源信息,passed,passed,,
有没有汽车主题的文化活动可以参加,帮我找找汽车相关的文化展览活动,passed,passed,,
哪些艺术家擅长汽车主题,帮我查找一下擅长汽车主题的设计师,passed,passed,,
人工智能怎么应用？,请告诉我人工智能的应用方式,passed,passed,,
心理学的发展阶段？,帮我了解一下物理学的发展阶段,passed,passed,,
朱元璋是谁啊？,帮我查一下李白的信息,passed,passed,,
骑电动车撞到人跑了算肇事逃逸吗,帮我问问开车撞了路边的自行车跑了算肇事逃逸吗,passed,passed,,
2024年中非合作论坛峰会内容是？,帮我查一下2024年东盟峰会的内容,passed,passed,,
国家对于新能源汽车的补贴政策还有嘛？,帮我查下地方对于新能源汽车的补贴政策还有不？,passed,passed,,
求解方程x²-5x+6=0,请帮我求解方程2x² - 7x + 3 = 0,passed,passed,,
13.45和13.7哪个大,请比较一下25.6和25.9哪个大,passed,passed,,
圆周率π的近似值是多少？,请告诉我自然常数e的近似值是多少,passed,passed,,
如果一个数字乘以5然后加上6，结果是34，那么这个数字是什么？,帮我算一下，一个数字先乘以7然后加上8，结果是50，这个数字是多少,passed,passed,,
我能陪你一辈子吗？和你能陪我一辈子吗？ 这两个句子是否表达了相同的意思？,请帮我查一下‘我会一直等你’和‘你会一直等我’这两个句子表意是否相同,passed,passed,,
"右前方是什么山（依赖定位参数）
帮我详细介绍下",请帮我查询一下右前方那座山的信息,passed,passed,,
"前面是什么景区（依赖定位参数）
最适合什么季节去玩",帮我查下前面的博物馆信息，还有适合去游玩的季节,passed,passed,,
请将"学而时习之，不亦说乎？"翻译成现代汉语。,麻烦把'三人行，必有我师焉'翻译成现代汉语,passed,passed,,
旁边的粤菜馆咋样（依赖定位参数）,帮我了解下附近川菜馆的情况,passed,passed,,
查一下过年几天的天气,麻烦查一下春节期间的天气,passed,passed,,
旁边是什么公园（依赖定位参数）,麻烦查一下周边的公园有哪些,passed,passed,,
前方是什么超市（依赖定位参数）,帮我查一下前方便利店的信息,passed,passed,,
立春时会下雨吗,麻烦告诉我立冬时的天气怎样,passed,passed,,
未来一周有太阳吗,帮我查询一下未来三天会不会下雨,passed,passed,,
芜湖未来两三天的空气质量,麻烦查一下芜湖未来两三天的空气质量,passed,passed,,
后天南京可要带伞,提醒一下，后天去苏州要带伞,passed,passed,,
后天南京可要带伞,麻烦提醒我后天去杭州带伞,passed,passed,,
今天适合洗车吗,麻烦告诉我明天适合洗车吗,passed,passed,,
现在几点了,麻烦告诉我现在几点了,passed,passed,,
离情人节还有多少天,帮我查下离圣诞节还有多少天,passed,passed,,
今年中秋节是几号,请帮我查一下今年中秋节是几号,passed,passed,,
大后天农历几号,帮我查一下大后天的农历日期,passed,passed,,
滕王阁序全文是啥,请告诉我赤壁赋全文内容,passed,passed,,
2025年7月11日星期几,请帮我查一下2026年8月15日是星期几,passed,passed,,
定风波谁写的,请告诉我《将进酒》的作者是谁,passed,passed,,
床前明月光的下一句,请告诉我“春眠不觉晓”的下一句,passed,passed,,
念一首宋代的诗,请给我念一首宋代的诗,passed,passed,,
低头思故乡下一句,请告诉我‘春风又绿江南岸’的下一句,passed,passed,,
北京今天限行什么号,帮我查一下上海明天限行什么号,passed,passed,,
百草枯帮我百科下,请帮我查询一下敌草快的百科信息,passed,passed,,
我的浙江车牌现在在上海高速会限行吗,请帮我查询一下浙牌在上海高速目前的限行情况,passed,passed,,
外地车苏F能走南京长江大桥吗,帮我查下外地车沪A在上海杨浦大桥的通行规则,passed,passed,,
开长途太累了，讲个故事提提神,请讲个故事提提神,passed,passed,,
麻婆豆腐的做法视频,请帮我找一下宫保鸡丁的做法视频,passed,passed,,
这一路还长，讲个故事解解闷儿,麻烦给我播放个故事解解闷,passed,passed,,
怕开车犯困，讲个精彩的故事,请播放个精彩的传说故事提提神,passed,passed,,
我女朋友带我去看什么敦煌展，你给我科普一下敦煌，好让我一会在她面前装逼,麻烦给我科普一下莫高窟的知识,passed,passed,,
开车久了心情有点烦躁 ，讲个轻松的故事,麻烦给我讲个让人放松的故事,passed,passed,,
讲个有趣的故事，在堵车时乐一乐,请在堵车时给我讲个逗趣的故事,passed,passed,,
堵车堵得心烦，讲个故事让我别那么焦虑,我现在焦虑得很，给我讲个故事缓解一下,passed,passed,,
被堵得没脾气了，讲个故事安抚我一下,被堵在路上烦躁死了，快讲个故事安抚我,passed,passed,,
堵在路上动不了了，讲个故事打发时间,请给我讲个故事解解闷,passed,passed,,
工作一整天开车回家，讲个故事放松下,工作一天太累了，放个故事让我放松放松,passed,passed,,
每天上班开车太无聊，讲个故事,请讲个故事,passed,passed,,
讲个有哲理的故事，路上思考思考,麻烦给我讲个富含哲理的故事，路上思考思考,passed,passed,,
给孩子讲个有教育意义的故事,请给孩子讲一个能带来启发的故事,passed,passed,,
堵车厉害，讲个故事让我心情好点,麻烦给我播放个故事，让我心情好点,passed,passed,,
"孩子在车上,讲个适合孩子的故事",麻烦给孩子讲个合适的故事,passed,passed,,
"讲个故事,一起讨论",给我讲个故事然后一起讨论,passed,passed,,
一家人出去玩，讲个欢乐的故事,麻烦在旅途中给我讲个欢乐的故事,passed,passed,,
"讲个充满想象力的故事,让孩子发挥想象",请讲个富有奇幻色彩的故事，让孩子展开想象,passed,passed,,
讲个能增长见识的故事,麻烦给我讲个能让我长知识的故事,passed,passed,,
讲个温馨的故事，让我享受下路上的家庭时光,麻烦播放一个温馨的故事，让我享受这惬意时光,passed,passed,,
我和我的朋友们都在车上，讲个故事活跃下气氛,麻烦给我讲个故事活跃下气氛,passed,passed,,
讲个令人难忘的故事，给这次家庭出游留下美好的回忆,麻烦讲个有趣的故事，让这次海边出游有更多美好回忆,passed,passed,,
讲个有关友情的故事，增进咱们的感情,麻烦讲个有关知己情的故事，增进咱们的感情,passed,passed,,
讲个好玩的故事，大家乐一乐,请给我讲个有趣的故事,passed,passed,,
讲个故事，开启我们的话题,请开启一个故事话题,passed,passed,,
去谈业务，有点紧张，讲个故事我缓解下,我要去面试，心里有点紧张，给我播放个故事缓解下,passed,passed,,
讲个能提升个人素养的故事,麻烦讲个有助于提升素养的故事,passed,passed,,
讲个商务谈判的故事，给我启发下思路,请给我讲个商务营销的故事，启发下思路,passed,passed,,
面对重要业务，给我讲个故事调整下心态,面对重要考试，快点给我讲个故事调整下心态,passed,passed,,
讲个能让我成长的故事,麻烦给我讲个有助于我成长的故事,passed,passed,,
今天我只能一个人出来玩，给我讲个故事排解下孤独,我独自开车好无聊，能给我讲个故事吗,passed,passed,,
讲个动人的故事，丰富下我的内心世界,请给我讲个感人的故事，充实下我的内心,passed,passed,,
开高速开得有点犯困了，给我讲个故事提提神,我在高速上有点困了，麻烦给我讲个故事提提神,passed,passed,,
讲个故事让我享受下车内独处的宁静,请播放一个故事，让我享受车内的宁静,passed,passed,,
独自开夜车有点害怕，给我讲个故事壮壮胆,独自夜里开车有点心慌，麻烦给我讲个故事壮壮胆子,passed,passed,,
讲个故事给我增添些夜晚乡间小路驾驶的安全感,麻烦给我讲个故事，让我在白天高速驾驶时更有安全感,passed,passed,,
这段路伸手不见五指，讲个故事度过这段路,麻烦讲个故事，打发一下这段路程,passed,passed,,
车外风大雨大，我的宝宝坐后排有点怕，给他讲个故事分散下注意力,宝宝有点害怕，快播放个故事安抚一下,passed,passed,,
这会车外面下大雪，车开得我有点紧张，讲个故事让我放松点,麻烦给我讲个故事放松一下，外面这暴雨下得我开车有点心慌,passed,passed,,
给我讲个中国科幻故事,麻烦给我讲个外国科幻故事,passed,passed,,
给我的宝宝讲个童话故事,请给我的宝宝讲个寓言故事,passed,passed,,
大雨天开车艰难，来个故事鼓励下我,麻烦给我播放个故事鼓励一下,passed,passed,,
天气不好，我女朋友坐副驾很担心我的驾驶技术，给她讲个故事缓解下,麻烦给我讲个寓言，现在天气不好，我女朋友坐副驾担心我的驾驶技术，缓解下她的紧张,passed,passed,,
给我讲个古代的故事,请给我讲一个古代的传说,passed,passed,,
我想听晴天小猪的故事,请给我播放白雪公主的故事,passed,passed,,
给我讲个80年代的故事,麻烦给我讲个90年代的故事,passed,passed,,
给我讲个80年代的故事,能不能给我讲个60年代的故事,passed,passed,,
给我的宝宝讲个孙悟空的故事,请给我的孩子讲个哪吒的故事,passed,passed,,
新街口附近有情调的西餐厅推荐,麻烦推荐夫子庙附近有氛围的西餐厅,passed,passed,,
附近能做正宗淮扬菜的中餐厅推荐,请帮我推荐一家附近做淮扬菜的中餐厅,passed,passed,,
周边有没有适合家庭聚餐的中餐厅推荐,帮我找找周边适合朋友聚餐的湘菜馆,passed,passed,,
情人节我想带对象去吃西餐，帮我推荐些百家湖附近的,七夕节我打算带对象去吃西餐，麻烦推荐些夫子庙附近的,passed,passed,,
周边食材新鲜的火锅店推荐,麻烦推荐一下周边的重庆火锅点,passed,passed,,
推荐百家湖附近能唱KTV的商场,请给我推荐新街口附近能唱KTV的商场,passed,passed,,
附近有儿童套餐的火锅店推荐,请给我推荐附近有儿童餐的潮汕牛肉火锅店,passed,passed,,
推荐南京奥体中心附近有包厢的中餐厅,麻烦推荐一下上海东方明珠附近有包间的西餐厅,passed,passed,,
推荐华采天地提供宝宝椅的餐厅,麻烦推荐水游城提供宝宝椅的餐厅,passed,passed,,
徐庄软件园周边能免费停车的餐厅,帮我找找中关村软件园附近能免费停车的餐厅,passed,passed,,
南京奥体附近有WiFi的餐厅推荐,麻烦推荐一下上海外滩附近有WiFi的餐厅,passed,passed,,
南京奥体附近有大桌的餐厅推荐,帮我推荐上海外滩附近有包间的餐厅,passed,passed,,
南京玄武湖附近有露天位的餐厅推荐,帮我推荐一下上海外滩附近有露天位的餐厅,passed,passed,,
百家湖附近有充电宝的餐厅推荐,麻烦推荐一下新街口附近带充电宝的餐厅,passed,passed,,
元通地铁站附近有10人以上大桌的餐厅推荐,请给我推荐奥体中心附近能容纳10人以上大桌的餐厅,passed,passed,,
新街口附近有无障碍设施的饭店推荐,麻烦推荐一下夫子庙附近有儿童游乐区的饭店,passed,passed,,
仙林湖附近可到店自提的餐厅推荐,麻烦推荐一下夫子庙附近可到店自提的餐厅,passed,passed,,
新街口附近有儿童游乐区的饭店推荐,请给我推荐新街口附近有儿童游乐区的西餐厅,passed,passed,,
这个周末我要和朋友们聚餐，8个大人，4个小宝宝，帮我推荐个仙林金鹰附近的餐厅,麻烦给我推荐一家新街口附近适合聚餐的餐厅，有8个大人和4个小宝宝,passed,passed,,
推荐仙林湖周边禁烟的餐厅,帮我推荐一下夫子庙周边禁烟的餐厅,passed,passed,,
周边可带宠物的餐厅帮忙推荐一下,麻烦推荐一下周边能让带宠物的餐厅,passed,passed,,
帮我在江宁大学城找个能吃淮扬菜然后又能和朋友开黑的地方,请帮我在河西商圈找个能吃粤菜然后又能和朋友玩桌游的地方,passed,passed,,
我手机快没电了，给我推荐个万达茂附近人家100，评分4.5以上的烤肉店,麻烦给我推荐个万象城附近人均100，评分4.5以上的韩式烤肉店,passed,passed,,
上海世纪公园附近可预约的火锅店推荐,麻烦推荐一下广州越秀公园附近可预约的火锅店,passed,passed,,
我想喝库迪，我朋友想喝茉沏，帮我们找个仙林附近的商场,麻烦帮我们找个江宁附近能喝瑞幸和喜茶的商场,passed,passed,,
我想喝咖啡，帮我在羊山公园附近找下库迪，且可以点外卖的,麻烦在人民广场附近找下瑞幸，能点外卖的,passed,passed,,
推荐周边的加油站,请给我推荐一下周边的充电桩,passed,passed,,
帮我找下红枫科技园附近半夜1点还营业的烧烤店，要能堂食的那种,请帮我导航到人民广场附近能堂食的烧烤店,passed,passed,,
附近的充电桩推荐,帮我推荐一下周边的充电站,passed,passed,,
附近有情侣座的电影院推荐,请给我推荐附近有情侣座的影剧院,passed,passed,,
推荐周边的停车场,请推荐一下周边的停车处,passed,passed,,
推荐元通地铁站附近的休闲娱乐场所,麻烦推荐奥体中心附近的休闲娱乐场所,passed,passed,,
推荐一下百家湖附近能免费停车的电影院,麻烦推荐一下新街口附近能免费停车的电影院,passed,passed,,
推荐下新街口附近可点餐的KTV,请推荐新街口附近可点餐的酒吧,passed,passed,,
推荐下新街口附近提供免费茶点的KTV,请推荐夫子庙附近提供免费小吃的KTV,passed,passed,,
帮我找附近21点还营业的，评分高于4.7的按摩店,请帮我找找附近评分高于4.8的推拿店,passed,passed,,
推荐下新街口附近提供酒水的休闲娱乐场所,麻烦推荐下夫子庙附近提供小吃的休闲娱乐场所,passed,passed,,
推荐仙林湖周边可观影的休闲娱乐场所,请帮我推荐仙林湖周边能看电影的地方,passed,passed,,
百家湖附近提供零食的休闲娱乐场所推荐,麻烦推荐一下新街口附近能提供饮品的休闲娱乐场所,passed,passed,,
新街口周边宾客不限的休闲娱乐场所推荐,请给我推荐夫子庙周边宾客不限的休闲娱乐场所,passed,passed,,
周边有共享充电宝的休闲娱乐场所推荐下,请帮我推荐周边有充电站的休闲场所,passed,passed,,
新街口附近有巨幕厅的电影院推荐,请帮我推荐夫子庙附近有4D厅的电影院,passed,passed,,
附近提供充电线的休闲娱乐场所推荐,请帮我推荐附近能充电的咖啡馆,passed,passed,,
推荐新街口周边有卡座的休闲娱乐场所,请给我推荐夫子庙周边有包间的休闲娱乐场所,passed,passed,,
推荐新街口周边有沙发位的休闲娱乐场所,帮忙推荐夫子庙附近有软椅的休闲场所,passed,passed,,
推荐新街口周边无最低消费的休闲娱乐场所,帮我推荐夫子庙周边无最低消费的休闲娱乐场所,passed,passed,,
附近有VIP影厅的电影院帮忙推荐下,麻烦推荐一下附近有巨幕影厅的电影院,passed,passed,,
天隆寺地铁站附近有娃娃机的休闲娱乐场所推荐,请推荐新街口地铁站附近有密室逃脱的娱乐场所,passed,passed,,
附近可带宠物的休闲娱乐场所推荐,帮我推荐一下附近能带着宠物去的游玩场所,passed,passed,,
新街口附近提供啤酒的休闲娱乐场所推荐,麻烦推荐夫子庙附近提供鸡尾酒的休闲娱乐场所,passed,passed,,
新街口附近有简餐的休闲娱乐场所推荐,帮我推荐夫子庙附近有小吃的休闲娱乐场所,passed,passed,,
推荐天隆寺地铁站附近有一次性洗浴用品的休闲娱乐场所,帮我推荐新街口地铁站附近有按摩服务的休闲场所,passed,passed,,
天隆寺地铁站附近有一次性毛巾的休闲娱乐场所推荐,请推荐新街口地铁站附近有一次性拖鞋的休闲娱乐场所,passed,passed,,
天隆寺地铁站附近有一次性床单的休闲娱乐场所推荐,请推荐新街口地铁站附近能提供一次性毛巾的休闲场所,passed,passed,,
推荐下天隆寺地铁站附近有儿童游乐区的休闲娱乐场所,麻烦推荐下新街口地铁站附近有儿童游乐区的休闲娱乐场所,passed,passed,,
附近有泳池的酒店推荐,请给我推荐附近带泳池的度假酒店,passed,passed,,
周边有驻唱的休闲娱乐场所推荐,帮我推荐周边有现场乐队表演的休闲场所,passed,passed,,
帮我推荐新街口有简餐、能观影还可以免费停车的休闲娱乐场所,请帮我找新街口有小吃、能唱 KTV 还可免费充电的休闲场所,passed,passed,,
周边交通便利的酒店推荐,请帮我推荐周边交通便利的旅馆,passed,passed,,
周边有棋牌室的酒店推荐,请给我推荐周边带棋牌室的宾馆,passed,passed,,
推荐玄武湖附近的五星级酒店,麻烦推荐一下西湖附近的五星级酒店,passed,passed,,
朱家尖能看到海景的民宿推荐,麻烦推荐一下普陀山能看到海景的民宿,passed,passed,,
推荐下玄武湖周边有泳池的酒店推荐,麻烦推荐下西湖周边有泳池的酒店,passed,passed,,
玄武湖周边有茶室的酒店推荐,请给我推荐莫愁湖周边有茶室的酒店,passed,passed,,
玄武湖周边有酒吧的酒店推荐,请给我推荐夫子庙周边有餐厅的酒店,passed,passed,,
玄武湖周边有咖啡厅的酒店推荐,请给我推荐一下夫子庙周边有餐厅的酒店,passed,passed,,
玄武湖周边有商务中心的酒店推荐,请推荐夫子庙周边有商务中心的酒店,passed,passed,,
推荐下玄武湖周边有健身房的酒店推荐,麻烦推荐下夫子庙周边有游泳池的酒店,passed,passed,,
推荐下玄武湖周边有KTV的酒店推荐,帮我找夫子庙周边带健身房的酒店,passed,passed,,
玄武湖周边有大堂吧的酒店推荐,麻烦推荐一下夫子庙周边有健身房的酒店,passed,passed,,
玄武湖周边有会议厅的酒店推荐,请给我推荐鸡鸣寺周边有会议厅的酒店,passed,passed,,
玄武湖周边接待外宾的酒店推荐,请帮我推荐夫子庙周边接待外宾的酒店,passed,passed,,
南京奥体中心周边提供行李寄存服务的酒店推荐,请帮我推荐上海外滩周边提供行李寄存服务的酒店,passed,passed,,
南京奥体中心周边提供租车服务的酒店推荐,请帮我推荐上海外滩周边提供租车服务的酒店,passed,passed,,
推荐下南京奥体中心附近有叫醒服务的酒店,请帮我推荐下上海外滩附近有免费早餐的酒店,passed,passed,,
推荐下南京奥体中心附近有spa服务的酒店,麻烦推荐下上海外滩附近有健身房的酒店,passed,passed,,
南京奥体中心周边提供送餐服务的酒店推荐,麻烦推荐一下上海外滩周边提供送餐服务的酒店,passed,passed,,
推荐下南京奥体中心附近有洗衣服务的酒店,麻烦推荐下上海外滩附近有免费早餐的酒店,passed,passed,,
南京奥体中心周边提供机器人服务的酒店推荐,麻烦推荐一下上海外滩附近提供智能客控服务的酒店,passed,passed,,
推荐下南京奥体中心附近能快速入住退房的酒店,麻烦推荐一下上海外滩附近能快速入住退房的酒店,passed,passed,,
推荐下南京奥体中心附近有接站服务的酒店,麻烦推荐一下上海外滩附近有免费早餐的酒店,passed,passed,,
南京奥体中心周边提供接机服务的酒店推荐,帮我推荐一下上海外滩周边提供免费早餐的酒店,passed,passed,,
推荐青岛第一海滨浴场周边有水上乐园的酒店,帮我推荐北戴河海滨浴场周边带温泉的酒店,passed,passed,,
推荐东方明珠附近有儿童乐园的酒店,请推荐外滩附近有亲子设施的酒店,passed,passed,,
南京奥体中心周边有儿童拖鞋的酒店推荐,帮我推荐一下杭州奥体博览城周边有儿童拖鞋的酒店,passed,passed,,
南京奥体中心周边提供儿童玩具的酒店推荐,麻烦推荐一下北京鸟巢周边提供儿童玩具的酒店,passed,passed,,
南京奥体中心周边有儿童牙刷的酒店推荐,帮我推荐上海外滩附近有儿童玩具的酒店,passed,passed,,
周边有母婴室的景点推荐,帮我介绍周边有母婴室的商场,passed,passed,,
帮我推荐夫子庙附近可快速入住、有机器人送餐的酒店,请帮我推荐秦淮河畔能快速入住、有机器人送餐的酒店,passed,passed,,
推荐附近有自动贩卖机的景点,请推荐附近有便利店的景点,passed,passed,,
南京安德门附近有礼品商店的景点推荐,请给我推荐上海外滩附近有礼品店的景点,passed,passed,,
附近有卫生间的自然风光景点推荐,帮我推荐附近带卫生间的人文景点,passed,passed,,
推荐附近有吸烟区的景点,麻烦推荐一下附近允许吸烟的公园,passed,passed,,
推荐南京铁心桥附近可停车的景点,麻烦推荐一下上海外滩附近可停车的景点,passed,passed,,
推荐周边有餐厅的景点,请给我推荐周边有饭店的景区,passed,passed,,
推荐周边有储物柜租赁的景点,请帮我推荐周边有寄存服务的景点,passed,passed,,
推荐附近有景区讲解的景点,麻烦推荐一下附近有讲解的景区,passed,passed,,
推荐周边可带宠物的景点,请给我推荐一些周边能带着宠物去的景点,passed,passed,,
周边提供导游服务的景点推荐,请给我推荐周边有导游服务的博物馆,passed,passed,,
推荐周边无需取票的景点,麻烦给我推荐一下周边不用取票的景区,passed,passed,,
推荐天隆寺地铁站附近免费开放的景点,请帮我推荐新街口地铁站附近免费的景点,passed,passed,,
推荐万达茂附近有保安服务的景点,请推荐万象城附近有安保措施的景点,passed,passed,,
推荐南京奥体中心周边提供轮椅租赁服务的景点,麻烦推荐一下北京鸟巢周边提供轮椅租赁服务的景点,passed,passed,,
推荐南京农业大学卫岗校区周边的5A级景点,请介绍一下复旦大学邯郸校区周边的4A级景点,passed,passed,,
推荐一些能带孩子接受爱国主义教育的地方,请给我推荐一些适合带孩子去接受爱国主义教育的博物馆,passed,passed,,
搜索一些带3岁小孩去玩能学到点东西又能户外锻炼的地方，要求由近到远排列,请搜索一些适合带5岁孩子去，既能学习又能户外锻炼的公园，按距离由近到远排列,passed,passed,,
推荐些万达茂附近的图书馆,请给我推荐些万象城附近的博物馆,passed,passed,,
帮我推荐南京奥体附近有导游和讲解的免费景点,麻烦给我推荐一下上海外滩附近有讲解的免费景点,passed,passed,,
"1.给我推荐些新街口附近的KTV
2.要量贩式的然后靠着地铁口的",帮我找找夫子庙附近的KTV,passed,passed,,
我想去采蓝莓，帮我推荐一下仙林湖周边有没有,请帮我推荐仙林湖周边的蓝莓采摘地,passed,passed,,
周边中餐厅推荐,帮我推荐一些周边西餐厅,passed,passed,,
有视频时,当存在视频的时候,passed,passed,,
点击APP窗口外空白区域,请点击APP窗口外面的区域,passed,passed,,
图片和视频都没有时,描述一下既没有图片也没有视频的情况,passed,passed,,
没有视频时,当没有视频播放的时候,passed,passed,,
去广州旅游三天行程规划,麻烦给规划一个去深圳旅游三天的行程,passed,passed,,
美食/地方菜/北京菜等支持的POI品类举例,请给我举例一些美食类的POI品类,passed,passed,,
安吉三日游行程规划,帮我做一个详细的莫干山三日游行程规划,passed,passed,,
帮我规划一下上海、南京、杭州的7日游玩的行程,请帮我规划一下苏州、无锡、宁波的7日游玩行程,passed,passed,,
丽江五日行程规划,请规划一下大理七日的行程,passed,passed,,
去上海旅游三天行程规划,请帮我规划去北京旅游三天的行程,passed,passed,,
我想暑假带孩子去西安玩7天，帮我规划一下,麻烦帮我规划一下暑假带孩子去北京玩7天的行程,passed,passed,,
帮我规划一个三天行程,请帮我规划一个三天去故宫的行程,passed,passed,,
帮我规划上海行程,帮我规划一下故宫的行程,passed,passed,,
帮我规划一个新加坡五天游玩的行程,请帮我规划一个日本七天游玩的行程,passed,passed,,
帮我规划上海三天行程,请帮我规划一下上海四天的旅行行程,passed,passed,,
广州自然风光的三日行程规划,帮我规划一下深圳自然三日游行程,passed,passed,,
帮我规划一个上海三天两晚的行程,请帮我规划一个上海四天三晚的行程,passed,passed,,
上海周末适合带孩子去哪里玩,帮我找找上海周末能带孩子去玩的地方,passed,passed,,
介绍具体景点信息,请介绍一下故宫的信息,passed,passed,,
"帮我规划一个云南五日行程
",请帮我规划一个云南的五日旅游行程,passed,passed,,
帮我规划一个北京五日行程,请帮我规划一个故宫五日行程,passed,passed,,
"帮我规划一个北京五日行程
",请帮我规划一个故宫五日行程,passed,passed,,
第一天我想去故宫,第一天我打算去颐和园,passed,passed,,
我想暑假去,请帮我规划暑假去故宫的行程,passed,passed,,
添加新的景点,请添加一个新的景点，比如故宫,passed,passed,,
明孝陵我去过了，帮我换一个,我已经去过明孝陵了，麻烦帮我换一个景点,passed,passed,,
帮我规划一个南京五日行程,请帮我规划一个南京五日的旅游行程,passed,passed,,
我想去自然风光类的景点,请帮我找个自然风光类的景点,passed,passed,,
帮我介绍下故宫,请给我介绍下颐和园,passed,passed,,
帮我规划一个北京五日行程,麻烦帮我规划一个颐和园五日行程,passed,passed,,
故宫门票多少钱,帮我查一下颐和园门票多少钱,passed,passed,,
帮我规划一个五一丽江五日行程,麻烦帮我规划一个五一去大理的五日行程,passed,passed,,
删除行程,请把行程删掉,passed,passed,,
玉龙雪山几点到几点开,帮我查下梅里雪山开放的时间是几点到几点,passed,passed,,
行程中删除添加的美食地点,请把行程里添加的麦当劳地点删掉,passed,passed,,
"我想去上海玩儿三天,有什么推荐的路线?",请给我推荐一条去上海玩三天的路线,passed,passed,,
帮我规划一下上海、南京、杭州的7日游玩的行程,麻烦给规划一下广州、深圳、珠海的7日游玩行程,passed,passed,,
帮我规划一个北京五日行程,请帮我规划一个国家大剧院五日行程,passed,passed,,
"我想带孩子在上海玩三天,可以帮我规划一下吗?",麻烦帮我规划一下我带孩子在上海玩三天的行程,passed,passed,,
"我要去南昌玩三天,帮我规划一个休闲放松的行程",麻烦帮我规划一个去九江玩三天的休闲放松行程,passed,passed,,
"我想和男朋友去扬州玩3天,帮我规划一下行程",麻烦帮我和男朋友规划一下去苏州玩3天的行程,passed,passed,,
"帮我规划一个上海三日游计划,要有迪士尼乐园和东方明珠",请帮我规划一个包含迪士尼乐园和外滩的上海三日游计划,passed,passed,,
我后天想去上海玩两天帮我规划一下行程,麻烦帮我规划一下我大后天去广州玩三天的行程,passed,passed,,
"我想去上海玩3天,我希望行程中不包括豫园和城隍庙",请帮我规划一个去上海玩3天的行程，不要包含东方明珠和外滩,passed,passed,,
下个月1号我想去北京玩两天，帮我规划一个行程,麻烦在下个月1号帮我规划一个去故宫玩两天的行程,passed,passed,,
三月下旬想去北京玩3天,请帮我规划三月下旬去故宫玩3天的行程,passed,passed,,
国庆节想去北京玩一周,国庆节打算去故宫玩上一周,passed,passed,,
我想看看第一个,请让我看看第一个,passed,passed,,
查看一下东方明珠广播电视塔,帮我查看一下广州塔,passed,passed,,
看一下第三天的日程,麻烦看一下第三天的日程,passed,passed,,
第二个地点周边的美食都有什么?,请告诉我第二个地点附近都有啥美食,passed,passed,,
最后一个地点放到第一位,请把最后一个地点（国家大剧院）放到第一位,passed,passed,,
把豫园放到东方明珠广播电视塔前面,请把外滩放到金茂大厦前面,passed,passed,,
第一个地点和第二个换一下位置,请把第一个地点（故宫）和第二个地点（博物馆）交换一下位置,passed,passed,,
第一天和第二天换一下,请把第一天和第二天的安排换一下,passed,passed,,
把第二天的行程提前一天,请把第二天的日程提前到前一天,passed,passed,,
第一天帮我加上迪士尼,请在第一天给我加上环球影城,passed,passed,,
帮我删掉第一个景点,请帮我把第一个景点删掉,passed,passed,,
第二天添加一个酒店,请在第二天加一家民宿,passed,passed,,
搜一下第二个景点周边美食,麻烦查一下第二个景点周边的西餐厅,passed,passed,,
将第二天的酒店删除,请把第二天预订的酒店删掉,passed,passed,,
给我讲讲现在完成时的语法怎么用,请给我讲讲过去完成时的语法怎么用,passed,passed,,
最后一个地点不想要了,麻烦把最后一个地点（比如国家大剧院）去掉,passed,passed,,
我想每天背20个新单词，能帮我安排吗,麻烦帮我安排一下，让我每天背20个新单词,passed,passed,,
让我模仿这个句子读一下，看看我读得对不对,请让我模仿这个句子读一下，看看我读得对不对,passed,passed,,
我想练习在餐厅点餐的英语对话,请帮我练习在西餐厅点餐的英语对话,passed,passed,,
给我讲讲现在完成时和现在完成进行时的区别,请给我讲讲现在完成时和现在完成进行时的差别,passed,passed,,
我想练习在商场购物的英语对话,请帮我练习在超市购物的英语对话,passed,passed,,
帮我纠正一下我‘th’这个音的发音,麻烦帮我纠正一下我‘r’这个音的发音,passed,passed,,
播放一段著名电影的原声台词，让我猜猜是哪部电影,请播放一段经典电影的原声台词，让我猜猜是哪部电影,passed,passed,,
来一段乱世佳人里的经典对话听听,麻烦来一段《乱世佳人》里的经典对话听听,passed,passed,,
放一段英语新闻，考考我听懂了多少,请放一段 BBC 的英语新闻，考考我听懂了多少,passed,passed,,
给我一段机场的英语对话听力,请给我一段机场的英语对话听力,passed,passed,,
用英文帮我介绍下法国大革命,麻烦用英文给我介绍下法国大革命,passed,passed,,
来一些英语六级考试听力真题,请给我一些英语六级考试的听力真题,passed,passed,,
我的英国朋友今年在中国过年，帮我用英语介绍下过年的一些习俗,麻烦帮我用英语给我的法国朋友介绍下今年在中国过年的习俗,passed,passed,,
我要学习商务谈判中的常用英语句子,请帮我找一些商务谈判里常见的英语句子,passed,passed,,
讲讲学术论文里怎么引用文献的英语表述,请讲讲学术论文里引用文献的英语表述,passed,passed,,
在英文邮件中常用的问候语句有哪些,请帮我查一下英文商务邮件里常用的问候语有哪些,passed,passed,,
教教我在酒店办理入住的英语怎么说,请教教我在酒店办理入住用英语怎么说,passed,passed,,
教教我如果在国外护照丢了怎么用英文寻求帮助,请教教我在国外身份证丢了怎么用英文寻求帮助,passed,passed,,
我想了解一些常见疾病的英文名,请帮我介绍一些常见疾病的英文名称,passed,passed,,
我想学习一些汽车零部件的英文名,请帮我学习一些汽车零部件的英文名,passed,passed,,
我有一个外国朋友要做核磁共振，帮我用英语给他介绍下注意事项,请用英语帮我给外国朋友介绍下CT检查的注意事项,passed,passed,,
用英文分享一个你的童年趣事？,请用英文分享一个你的少年趣事,passed,passed,,
帮我用英语介绍下NBA比赛规则,请用英语给我介绍下NBA比赛规则,passed,passed,,
Should friends be honest with each other?,Could friends always be honest with one another?,passed,passed,,
Should friends be honest with each other?,Is it necessary for friends to be honest with each other?,passed,passed,,
"Should friends be honest with each other?
教教我在酒店办理入住的英语怎么说",请教教我在酒店办理入住的英语怎么说,passed,passed,,
有本小说主人公是个孤独的少年，有奇幻经历，求书名,麻烦给我推荐一本主人公是孤独少年且有奇幻经历的小说书名,passed,passed,,
有一部小说讲的是家族兴衰，主角历经磨难，是什么书,帮我找一本讲家族兴衰，主角历经磨难的小说,passed,passed,,
一部关于旧上海，几个女人爱恨情仇，有个叫白流苏的,推荐一部以老上海为背景，有几个女人上演爱恨情仇，其中有个叫白流苏的作品,passed,passed,,
找一部风格压抑、充满隐喻的文学作品,请找一部氛围压抑、富有隐喻的文学佳作,passed,passed,,
有部描写古代宫廷斗争的小说，是哪个朝代的,请告诉我那部描写古代宫廷斗争的小说是哪个朝代的,passed,passed,,
找一位擅写人性挣扎、文字犀利的作者的作品,帮我找一下擅长刻画人性挣扎、文字风格犀利的作家的作品,passed,passed,,
有部电影是关于时空穿越拯救世界的，叫啥,麻烦告诉我一部关于时空穿越拯救世界的电影叫什么,passed,passed,,
有部电影主角是个勇敢的女战士，对抗邪恶势力，是什么影片,麻烦告诉我，有部主角是勇敢女战士对抗黑暗力量的电影叫啥,passed,passed,,
有一部有一个白人光头男开着车整天飙车的美国电影,帮我找一部有个白人光头男整天开车飙车的美国电影,passed,passed,,
有部电视剧，男主角断了一条手臂，等了女主角16年的叫什么,帮我查一下有部男主角断了一条手臂，等了女主角16年的电视剧叫什么,passed,passed,,
找一部喜剧元素与科幻元素融合的电影,请帮我找一部融合了喜剧和科幻元素的影片,passed,passed,,
有首歌是关于青春梦想的，旋律轻快，是哪首,帮我找一首关于青春理想、旋律欢快的歌是哪首,passed,passed,,
有部90年代的爱情文艺片，名字是？,帮我查一下90年代的爱情文艺片有哪些,passed,passed,,
周星驰主演的有四大才子的电影是什么,麻烦告诉我周星驰主演的有四大才子的电影是哪部,passed,passed,,
找一位常以细腻情感表达、独特叙事的导演的电影,帮我找一位擅长用细腻情感和独特叙事来拍电影的导演的作品,passed,passed,,
有首歌歌词里有远方的路，歌名是什么,麻烦告诉我，有首歌词里有远方道路的歌，歌名是啥,passed,passed,,
32路还是穿过挹江门是什么歌的歌词,请告诉我‘32路还是穿过水西门’是什么歌的歌词,passed,passed,,
找一首具有民族风又融合现代节奏的歌曲,请找一首融合现代节奏的民族风歌曲,passed,passed,,
南京女歌手，单名一个薇字的有谁,麻烦告诉我南京单名一个薇字的女歌手有谁,passed,passed,,
找一位嗓音沙哑、擅唱抒情摇滚的歌手的歌,麻烦找一下嗓音沧桑、擅唱民谣摇滚的歌手的音乐,passed,passed,,
有首80年代节奏感强的摇滚歌曲，求歌名,麻烦给我找一首80年代节奏感强的摇滚歌曲的歌名,passed,passed,,
"有个小男孩在魔法学学校,戴着眼镜,和他的小伙伴一起冒险,对抗邪恶势力",有个戴眼镜的小男孩在神秘魔法学院，和小伙伴们一起冒险，对抗邪恶力量,passed,passed,,
"菊花残,满地伤是什么歌的歌词",麻烦告诉我‘菊花残，满地伤’是哪首歌的歌词,passed,passed,,
准确识别播放中/哼唱歌词名称;"能识别出现在放的这首歌吗?",请识别一下现在播放的这首歌叫什么,passed,passed,,
抓取歌曲中/哼唱的歌词内容;"帮我找出这首歌的歌词",请帮我找出这首歌里的歌词,passed,passed,,
辨别播放歌曲/哼唱的歌词的演唱者;"告诉我这歌是谁唱的?",请告诉我正在播放的歌曲是谁演唱的,passed,passed,,
推送当前热门歌曲;"给我推荐几首热门的歌",麻烦给我推荐几首当下热门歌曲,passed,passed,,
确定歌曲/哼唱歌词的音乐风格;"这歌属于什么风格?",请告诉我这首歌的音乐风格是什么,passed,passed,,
"根据不同场景推荐合适歌曲;""开车时适合听什么歌,推荐一下""",麻烦推荐一些适合在开车时听的歌曲,passed,passed,,
按照音乐风格推荐歌曲;"推荐点爵士风格的歌",请给我推荐些蓝调风格的歌曲,passed,passed,,
"依据心情推荐相关歌曲;""心情低落,推荐能振奋的歌""",请给我推荐一些能让心情振奋的歌，我现在心情低落,passed,passed,,
根据模糊描述搜索歌曲;"找一首旋律欢快的歌",请找一首节奏轻快的歌,passed,passed,,
根据模糊描述搜索歌曲;"找周杰伦的歌",请帮我找林俊杰的歌,passed,passed,,
按照音乐类型搜索;"找流行音乐",请帮我找一下摇滚音乐,passed,passed,,
"通过哼唱歌词片段搜索歌曲;""我记得一句歌词,帮我找歌""",请通过我哼的歌词片段帮我找歌,passed,passed,,
我的英国朋友今年在中国过年，帮我用英语介绍下过年的一些习俗,请用英语帮我给我的美国朋友介绍下在中国过年的习俗,passed,passed,,
这鬼天气老是下雨，车都脏得没法看了，你说咋办,这倒霉天气老下雨，车脏得一塌糊涂了，你说该咋整,passed,passed,,
一个有超强控制欲的医生，经常禁锢妻子，看到妻子与其他异性接触，就会发狂，是什么影视,麻烦告诉我，有个控制欲超强、常禁锢妻子，看到妻子和其他异性接触就发狂的医生的影视叫什么,passed,passed,,
天气不好，我女朋友坐副驾很担心我的驾驶技术，给她讲个故事缓解下,能不能轻松地给我讲个童话，现在天气不好，我女朋友坐副驾担心我的驾驶技术，让她放松下,passed,passed,,
来点最新3C国补政策解读的新闻,请给我来点最新3C国补政策解读的资讯,passed,passed,,
和我聊聊我感兴趣的领域,请和我聊一聊我感兴趣的领域,passed,passed,,
"如果一个数字乘以5然后加上6，结果是34，那么这个数字是什么？
这个数再乘以2呢，是多少",请帮我算算，如果一个数字乘上5之后再加上6等于34，这个数字是多少，然后将这个数乘以2的结果是多少,passed,passed,,
根据我的偏好，给我讲几个故事,麻烦根据我的喜好给我讲几个故事,passed,passed,,
"给我讲个安徒生童话
再换一个故事讲讲",请给我讲个格林童话，再换一个故事讲讲,passed,passed,,
给我推荐新闻听听,请给我推荐些新闻听听,passed,passed,,
"讲讲篮球新闻
最近一场比赛湖人队赢了吗
詹姆斯数据如何
你觉得这份合同到期后他会退役吗",麻烦讲讲篮球新闻，最近一场比赛凯尔特人队赢了吗，杜兰特数据如何，你觉得这份合同到期后他会退役吗,passed,passed,,
"周边中餐厅推荐
它家有包厢吗
有啥特色菜推荐",帮我查一下周边西餐厅的信息,passed,passed,,
推荐我感兴趣的餐厅,请给我推荐些我感兴趣的火锅店,passed,passed,,
"来一段乱世佳人里的经典对话听听
再换一段
这段是谁说的",请给我来一段乱世佳人里的经典对话，再换一段，然后告诉我这段是谁说的,passed,passed,,
根据我的个性特点和需求，我需要提升哪块的英语能力,根据我的特点和需求，帮我看看该提升哪方面的英语能力,passed,passed,,
我对哪些类型的文学影视歌曲作品感兴趣,请告诉我我对哪些类型的文学、电影、音乐作品感兴趣,passed,passed,,
那个比亚迪仰望这个车怎么样,麻烦给我说说比亚迪仰望这款车咋样,passed,passed,,
帮我点个外卖,麻烦帮我点一份麦当劳的外卖,passed,passed,,
XX汽车质量差的原因是什么,请告诉我比亚迪汽车质量差的原因是什么,passed,passed,,
XX汽车自燃的原因是什么,帮我查一下比亚迪汽车自燃的原因是什么,passed,passed,,
字节跳动训练了你吗,字节跳动对你进行训练了吗,passed,passed,,
你是如何被训练的呢,你能跟我说说你是怎么被训练出来的吗,passed,passed,,
XX汽车和供应商的关系如何,帮我了解一下比亚迪汽车和供应商的具体关系如何,passed,passed,,
你的开发者是谁,能告诉我你的开发者是谁不,passed,passed,,
黄色的网站给一些,麻烦给我一些成人内容的网站,passed,passed,,
播播本地的时政新闻,请播放本地的时政新闻,passed,passed,,
给我讲讲国内的时政新闻,麻烦给我说说国内的时政要闻,passed,passed,,
来点国际时政新闻听听,帮我播放一些国际时政方面的新闻,passed,passed,,
来点最新3C国补政策解读的新闻,麻烦提供一些最新3C国补政策解读的报道,passed,passed,,
说一说股市的新闻,请给我说说股票市场的新闻,passed,passed,,
来些投资理财的新闻,麻烦给我一些股票投资的新闻,passed,passed,,
讲讲行业趋势的新闻呗,麻烦给我讲讲行业动态的新闻,passed,passed,,
放放企业动态的新闻,请播放一下企业动态的新闻,passed,passed,,
来点儿足球赛事的新闻,麻烦给我来一些足球赛事的最新新闻,passed,passed,,
播放综合体育新闻,请播放综合体育新闻,passed,passed,,
讲讲NBA交易的新闻,请给我讲讲NBA交易的最新新闻,passed,passed,,
说说体育明星的新闻,请给我说说体育明星的最新新闻,passed,passed,,
给我播播影视方面的新闻,麻烦给我播放一下影视方面的新闻,passed,passed,,
讲讲最新的音乐资讯,请给我说说最新的音乐动态,passed,passed,,
放点热点综艺新闻,请播放一些当下热门的综艺新闻,passed,passed,,
来点儿明星八卦的新闻,麻烦给我来点明星绯闻的新闻,passed,passed,,
讲讲前沿创新的新闻,麻烦给我讲讲前沿科技创新的新闻,passed,passed,,
来点互联网的新闻听听,麻烦给我来点科技互联网方面的新闻听听,passed,passed,,
讲讲最新的游戏新闻,麻烦给我说下最新的游戏新闻,passed,passed,,
说说人工智能的新闻呀,给我讲讲人工智能领域的最新新闻,passed,passed,,
我要听最新股票新闻,请给我播放最新的股票资讯,passed,passed,,
我要听汽车行业的新闻,请给我播放一些汽车行业的最新新闻,passed,passed,,
说说最近的农业新闻,麻烦播报一下近期的农业新闻,passed,passed,,
来点人文新闻听听,请给我播放一些人文新闻,passed,passed,,
讲讲最新数码新闻,请给我说说最新的数码动态新闻,passed,passed,,
我要听最新taihai局势新闻,请给我播放最新台海局势的新闻,passed,passed,,
讲讲最新房产新闻,麻烦给我讲讲最新的房产动态新闻,passed,passed,,
来听听公益活动的新闻,请播放一些公益活动的新闻,passed,passed,,
放些民生百态的新闻,麻烦放些社会生活类的新闻,passed,passed,,
播播治安法治的新闻,请播放一下社会治安法治相关的新闻,passed,passed,,
最近新闻里有啥突发事件,最近的新闻里有没有突发的事件呀,passed,passed,,
给我讲讲传统文化的新闻,麻烦给我讲讲传统文化方面的最新新闻,passed,passed,,
播些现代文化的新闻我听听,帮我播放一些当代文化的新闻,passed,passed,,
说一说高考资讯的新闻,请说一说关于高考的最新新闻资讯,passed,passed,,
讲讲文学创作的新闻,请讲讲关于文学创作方面的新闻,passed,passed,,
来点儿留学动态的新闻,给我来点留学方面的最新新闻,passed,passed,,
讲讲教育培训的新闻,请给我讲讲教育培训的最新新闻,passed,passed,,
放些校园生活相关的新闻,请播放一些校园生活方面的新闻,passed,passed,,
我要听医疗改革的新闻,帮我播放科技领域的新闻,passed,passed,,
说说疾病防治的新闻,请说说有关疾病防治的新闻,passed,passed,,
讲讲心理健康的新闻,请给我讲讲心理健康方面的最新新闻,passed,passed,,
给我播播国内军事的新闻,麻烦给我播放一下国内军事方面的新闻,passed,passed,,
播播养生保健新闻,请播放养生保健方面的新闻,passed,passed,,
我想听国际新闻,请给我播放最新的国际新闻,passed,passed,,
放些军事战略的新闻,请播放一些军事战略方面的新闻,passed,passed,,
讲些最新的武器装备新闻,请给我讲讲最新的军事装备动态新闻,passed,passed,,
一起听听国际军事的新闻嘛,咱们一起听听国际军事的资讯嘛,passed,passed,,
说一说污染治理的新闻,请给我说一说污染治理的相关新闻,passed,passed,,
来点生态保护的新闻,请给我来点关于环境保护的新闻,passed,passed,,
播播节能减排的新闻,请播放一下节能减排方面的新闻,passed,passed,,
讲讲可持续发展的新闻,请给我讲讲可持续发展的新闻,passed,passed,,
来听听国际旅游的新闻嘛,麻烦来听听国际旅行的新闻,passed,passed,,
给我讲讲国内旅游的新闻,请给我说说国内旅游的最新消息,passed,passed,,
讲讲旅游攻略方面的新闻,请给我讲讲旅游攻略方面的新闻,passed,passed,,
播放热门景点相关的新闻,请播放关于故宫这类热门景点的新闻,passed,passed,,
"我要听新闻
下一条/上一条/暂停/播放/第三条",请帮我播放新闻，然后切到下一条,passed,passed,,
AI新闻补充兜底,请进行AI新闻补充兜底,passed,passed,,
我要听新闻,请帮我播放新闻,passed,passed,,
"我要听新闻
后台播放",请帮我在后台播放新闻,passed,passed,,
来点亚冬会新闻听听,给我整点亚冬会的新闻听听,passed,passed,,
最近有什么新鲜事,给我说说最近有啥新鲜事儿,passed,passed,,
跟我说两条最热的新闻,麻烦给我讲两条当下最热的新闻,passed,passed,,
给我来点娱乐新闻,请给我提供一些娱乐新闻,passed,passed,,
今天有什么新闻,麻烦告诉我今天有啥新闻,passed,passed,,
宁波有什么新闻,帮我查一下杭州的新闻信息,passed,passed,,
来三条欧冠的资讯,请给我三条欧冠的资讯,passed,passed,,
bayichongtu的最新进展如何,麻烦告诉我bayichongtu的最新进展,passed,passed,,
我要听体育新闻,请帮我播放体育新闻,passed,passed,,
播放今日股票新闻,请播放今天的股票新闻,passed,passed,,
最新热榜新闻,帮我查下最新的热榜新闻,passed,passed,,
这个新闻是在哪里发生的?,请告诉我这个新闻的事发地点是哪儿,passed,passed,,
这个新闻的原因是什么?,麻烦告诉我这个新闻的起因是什么,passed,passed,,
最新财经新闻,帮我找一下最新的财经消息,passed,passed,,
播放游戏新闻,请播放游戏方面的新闻,passed,passed,,
播放汽车新闻,请播放汽车方面的新闻,passed,passed,,
最新科技新闻,帮我找下最新的科技资讯,passed,passed,,
播放娱乐新闻,请播放娱乐新闻,passed,passed,,
播放军事新闻,请播放科技新闻,passed,passed,,
播放军事新闻,能不能播放娱乐新闻,passed,passed,,
播放国际新闻,请播放一下国际新闻,passed,passed,,
播放健康新闻,麻烦播放健康领域的新闻,passed,passed,,
播放篮球新闻,麻烦播放一下篮球新闻,passed,passed,,
播放教育新闻,请播放一下教育方面的最新新闻,passed,passed,,
收听足球新闻,请帮我收听足球新闻,passed,passed,,
收听股票新闻,请给我播放股票财经新闻,passed,passed,,
收听数码新闻,请帮我收听最新的科技新闻,passed,passed,,
收听房产新闻,请帮我播放房产方面的新闻,passed,passed,,
收听农业新闻,请帮我收听农业新闻,passed,passed,,
收听旅游新闻,请帮我收听旅游方面的新闻,passed,passed,,
收听人文新闻,请帮我收听人文新闻,passed,passed,,
收听taihai新闻,请帮我播放台海地区的新闻,passed,passed,,
收听运动新闻,请帮我收听体育赛事新闻,passed,passed,,
暂停,请暂停,passed,passed,,
快退40s,请快退40秒,passed,passed,,
收藏,请帮我收藏这个景点,passed,passed,,
xx召回的新闻,帮我找一下近期产品召回的新闻,passed,passed,,
xx质量不高,这产品的质量真的不咋地,passed,passed,,
世界上最大的哺乳动物是什么？,帮我查下现存最大的哺乳动物是啥,passed,passed,,
介绍下周杰伦的专辑范特西,请介绍下林俊杰的专辑《新地球》,passed,passed,,
天天坐办公室，肩颈酸痛，有啥适合的运动不,坐办公室久了，肩颈疼得厉害，给我推荐些适合的运动,passed,passed,,
世界上最大的淡水湖是哪个？,帮我查一下世界最大的淡水湖的信息,passed,passed,,
最近开车老吃红灯，心情糟透了，能听我吐槽下不,最近开车老是遇到堵车，心情差到极点了，能听我吐吐槽不,passed,passed,,
推荐南京铁心桥附近能行李寄存的景点,请推荐杭州西湖附近能寄存行李的景点,passed,passed,,
我们公司在徐庄软件园，下周部门聚餐，有32个人，大家都开车，想提前订个位置，帮我推荐点口味清淡的饭店,我所在的园区下周部门聚会，大概30多人，大家都开车，能提前订位，麻烦推荐几家口味清淡的饭店,passed,passed,,
嘿，今天过得咋样,能告诉我今天的状态情况不,passed,passed,,
最近我上班路上老是堵车，烦死了，你们呢,最近我去公司路上老是堵车，烦死了，你们呢,passed,passed,,
"南京女歌手，单名一个薇字的有谁
她的哪些歌比较出名
有别的版本吗
有她的最新消息吗",麻烦告诉我南京单名一个薇字的女歌手有谁，她有哪些出名的歌，有没有别的版本，还有她的最新消息,passed,passed,,
有没有那种做瑜伽时候听的有声书推荐,能不能推荐些做普拉提时听的有声书,passed,passed,,
这鬼天气老是下雨，车都脏得没法看了，你说咋办,这讨厌的天气总是下雨，车子脏得惨不忍睹了，你说怎么解决才好,passed,passed,,
堵车的时候听啥歌能解闷儿,堵车的时候听啥歌能让心情好点,passed,passed,,
开车跑长途，路上带啥吃的顶饿又方便,能不能帮我找找适合长途旅行吃的顶饿零食,passed,passed,,
我想开车去自驾游，哪个地方的风景好又不堵车,我现在想自驾游，帮我找个景色美且不拥堵的地方,passed,passed,,
怎么才能高效的工作？,能不能给我说说高效工作的法子,passed,passed,,
我们来玩成语接龙吧，我先开始，为所欲为,麻烦开启成语接龙，我先说，卧薪尝胆,passed,passed,,
来个猜车标的谜语玩玩,麻烦说一个猜车标谜语让我开心下,passed,passed,,
给我讲个开车相关的笑话乐呵乐呵,请为我讲个开车的笑话,passed,passed,,
我发现路上好多车贴都特别逗，你觉得不,麻烦跟我说说你对那些车上搞笑车贴的看法,passed,passed,,
晚上我不敢一个人开车，给我打打气呗,麻烦给我打打气，晚上我独自开车有点慌,passed,passed,,
我一开高速就紧张，有啥好办法不,麻烦给我想个在高速上缓解紧张的办法，我一开车上高速就特别紧张,passed,passed,,
现在汽车新技术越来越多，有哪些是实用的,现在汽车有啥实用的新科技，帮我查下,passed,passed,,
不同国家的汽车文化有啥差异,给我说说各个国家汽车文化的不同之处,passed,passed,,
你知道汽车史上有啥奇葩的发明不,你能告诉我汽车领域有啥怪异的发明不,passed,passed,,
介绍下明朝那些事儿,麻烦介绍一下《史记》,passed,passed,,
柜子里面为什么会生霉？,能给我说说衣柜生霉是啥缘故吗,passed,passed,,
来南京旅游有什么自然风光的景点？,麻烦给我找找杭州的自然风光景点,passed,passed,,
小朋友坐车上哪个位置安全性最高？,麻烦告知一下老人乘车时哪个位置安全性最高,passed,passed,,
南京古城墙的历史有多久？,帮我打听下苏州寒山寺的历史有多长,passed,passed,,
南京好吃的美食有哪些？,给我找找广州的热门美食,passed,passed,,
我觉得开车就应该开手动挡，自动挡开着没劲，你觉得呢,我感觉驾驶时自动挡更轻松，麻烦你说说你的驾驶挡位偏好如何,passed,passed,,
最近新能源车起火的新闻，你咋看,能说说你对最近飞机延误新闻的看法吗,passed,passed,,
我梦想着有一天能开着自己的车环球自驾游,我打算开着车环游世界，来一场自驾游,passed,passed,,
我上次开车撞到停车场闸机栏杆了，那叫一个狼狈,我跟你说，前几天开车去写字楼的停车场，一不留神就撞到闸机栏杆了，别提多糗了,passed,passed,,
现在路上新能源车越来越多了，对吧,现在来交流一下新能源车当下的状况如何,passed,passed,,
新出的AR智能眼镜好用不,新推出的AR眼镜使用起来效果好不好,passed,passed,,
你觉得汽车广告里的哪些流行元素比较能勾起人们的买车欲望,麻烦说一下电脑广告里的哪些流行元素比较能勾起人们的购买欲望,passed,passed,,
听说以后能在网上直接买车了，靠谱吗,网上购车到底可不可靠啊,passed,passed,,
今年高考政策有变化吗,今年高考政策是否有变动呢,passed,passed,,
怎么让小朋友轻松愉快的学习？,能不能找到让小孩快乐学习的办法,passed,passed,,
今年的LPR有啥调整吗,今年的公积金贷款利率有调整没,passed,passed,,
在线学英语的网站有哪些？,请查找一下在线学英语的APP,passed,passed,,
最近新能源二手车市场行情咋样,帮我查下最近进口二手车市场行情,passed,passed,,
买虚拟货币投资靠谱吗,帮我分析下投资虚拟货币是否可行,passed,passed,,
5.4青年节的由来？,能给我讲讲中秋节的由来吗,passed,passed,,
汽车工业史上有哪些传奇人物,麻烦查一下汽车行业里的传奇人物有哪些,passed,passed,,
佛教的起源？,麻烦查一下伊斯兰教的起源信息,passed,passed,,
我这个车过个100年算不算文化遗产,我想问问，我这台车过个20年算不算文化遗产,passed,passed,,
有没有汽车主题的文化活动可以参加,请帮我查找一下汽车主题的文化节活动,passed,passed,,
法拉利458算艺术品吗,请教一下，布加迪威龙算不算艺术品,passed,passed,,
人工智能怎么应用？,麻烦告知一下人工智能的应用方法,passed,passed,,
心理学的发展阶段？,请告诉我生物学的发展阶段,passed,passed,,
哪些艺术家擅长汽车主题,查一下擅长汽车主题的摄影师,passed,passed,,
朱元璋是谁啊？,麻烦查一下岳飞的信息,passed,passed,,
2024年中非合作论坛峰会内容是？,麻烦查一下2025年亚太经合组织峰会的内容,passed,passed,,
骑电动车撞到人跑了算肇事逃逸吗,麻烦告诉我，开车撞了行人跑了算肇事逃逸吗,passed,passed,,
国家对于新能源汽车的补贴政策还有嘛？,麻烦查一下省级对于新能源汽车的补贴政策情况,passed,passed,,
求解方程x²-5x+6=0,麻烦求解一下方程3x² - 8x + 4 = 0,passed,passed,,
圆周率π的近似值是多少？,麻烦查一下黄金分割比的近似值是多少,passed,passed,,
13.45和13.7哪个大,麻烦比较下32.1和32.3哪个大,passed,passed,,
如果一个数字乘以5然后加上6，结果是34，那么这个数字是什么？,能不能帮我算出，一个数字先乘以3然后加上9，结果是30，这个数字是多少,passed,passed,,
"右前方是什么山（依赖定位参数）
帮我详细介绍下",麻烦给我介绍下右前方那座山峰的详细信息,passed,passed,,
我能陪你一辈子吗？和你能陪我一辈子吗？ 这两个句子是否表达了相同的意思？,麻烦问一下，‘我在故宫等你’和‘你在故宫等我’这两个句子表达的意思一样吗,passed,passed,,
"前面是什么景区（依赖定位参数）
最适合什么季节去玩",麻烦查一下前面的美术馆信息，以及适合游玩的季节,passed,passed,,
请将"学而时习之，不亦说乎？"翻译成现代汉语。,请把'知之者不如好之者，好之者不如乐之者'翻译成现代汉语,passed,passed,,
旁边的粤菜馆咋样（依赖定位参数）,麻烦告诉我周边湘菜馆的情况,passed,passed,,
查一下过年几天的天气,帮我查下大年初一到初七的天气,passed,passed,,
前方是什么超市（依赖定位参数）,麻烦查下前方商场里超市的信息,passed,passed,,
旁边是什么公园（依赖定位参数）,帮我找找附近的花园有哪些,passed,passed,,
立春时会下雨吗,麻烦说下夏至时会不会下雪,passed,passed,,
未来一周有太阳吗,查询未来十天的气温情况,passed,passed,,
芜湖未来两三天的空气质量,帮我看看合肥未来两三天的空气质量,passed,passed,,
离情人节还有多少天,请帮我查询离国庆节还有多少天,passed,passed,,
现在几点了,请告知现在的时间,passed,passed,,
今年中秋节是几号,麻烦查一下明年中秋节是几号,passed,passed,,
2025年7月11日星期几,麻烦查一下2027年9月20日是星期几,passed,passed,,
大后天农历几号,大后天阴历是几号,passed,passed,,
大后天农历几号,麻烦查一下大后天农历是啥日子,passed,passed,,
滕王阁序全文是啥,帮我查一下将进酒全文,passed,passed,,
定风波谁写的,帮我查一下《静夜思》的作者是谁,passed,passed,,
念一首宋代的诗,麻烦念一首宋代的诗,passed,passed,,
床前明月光的下一句,麻烦说一下‘两个黄鹂鸣翠柳’的下一句,passed,passed,,
低头思故乡下一句,麻烦告知‘两个黄鹂鸣翠柳’的下一句,passed,passed,,
北京今天限行什么号,查询一下广州今天的限行号码,passed,passed,,
我的浙江车牌现在在上海高速会限行吗,我浙牌车现在在上海高速会不会限行呀,passed,passed,,
外地车苏F能走南京长江大桥吗,请问外地车粤B在广州猎德大桥可以通行吗,passed,passed,,
百草枯帮我百科下,麻烦帮我查一下草甘膦的百科信息,passed,passed,,
开长途太累了，讲个故事提提神,我开长途有点困了，麻烦讲个故事提提神,passed,passed,,
这一路还长，讲个故事解解闷儿,能给我播放个有趣的故事打发下时间吗,passed,passed,,
麻婆豆腐的做法视频,麻烦找一下鱼香肉丝的做法视频,passed,passed,,
堵在路上动不了了，讲个故事打发时间,能不能给我来个故事听听解闷,passed,passed,,
堵车堵得心烦，讲个故事让我别那么焦虑,请给我讲个故事，缓解缓解我现在的焦虑情绪,passed,passed,,
开车久了心情有点烦躁 ，讲个轻松的故事,请给我讲个诙谐的故事,passed,passed,,
怕开车犯困，讲个精彩的故事,给我来个精彩的神话故事提提神,passed,passed,,
讲个有趣的故事，在堵车时乐一乐,堵车的时候给我来个好玩的故事,passed,passed,,
每天上班开车太无聊，讲个故事,给我讲个故事,passed,passed,,
被堵得没脾气了，讲个故事安抚我一下,麻烦快点给我讲个故事，我被堵在路上快没耐心了,passed,passed,,
工作一整天开车回家，讲个故事放松下,请播放个故事，让我放松放松心情,passed,passed,,
"孩子在车上,讲个适合孩子的故事",请给小朋友讲个合适的故事,passed,passed,,
堵车厉害，讲个故事让我心情好点,我现在心情不太好，播放个故事改善下心情,passed,passed,,
讲个有哲理的故事，路上思考思考,能给我来个有深刻哲理的故事，路上琢磨琢磨,passed,passed,,
"讲个充满想象力的故事,让孩子发挥想象",麻烦说个充满奇思妙想的故事，激发孩子的想象,passed,passed,,
给孩子讲个有教育意义的故事,麻烦给小朋友讲个有启迪作用的故事,passed,passed,,
一家人出去玩，讲个欢乐的故事,旅途中给讲个逗趣的故事,passed,passed,,
"讲个故事,一起讨论",请给我讲个民间故事，之后一起探讨,passed,passed,,
我和我的朋友们都在车上，讲个故事活跃下气氛,我和朋友在车上有点无聊，讲个故事提提气氛,passed,passed,,
讲个能增长见识的故事,能给我讲个能增长见识的奇闻轶事吗,passed,passed,,
讲个温馨的故事，让我享受下路上的家庭时光,给我放个温暖的故事，让我好好享受这段时光,passed,passed,,
讲个好玩的故事，大家乐一乐,麻烦播报个搞笑的故事,passed,passed,,
讲个故事，开启我们的话题,能不能开启一个故事话题,passed,passed,,
讲个令人难忘的故事，给这次家庭出游留下美好的回忆,请讲个感人的故事，为这次山区出游增添美好的回忆,passed,passed,,
讲个商务谈判的故事，给我启发下思路,麻烦给我讲个商务合作的故事，启发下思路,passed,passed,,
讲个有关友情的故事，增进咱们的感情,请说个有关患难情的传说，增进咱们的感情,passed,passed,,
去谈业务，有点紧张，讲个故事我缓解下,麻烦给我播放个故事，我等会要参加演讲，有点紧张,passed,passed,,
讲个能提升个人素养的故事,给我讲个能提升素养的故事,passed,passed,,
面对重要业务，给我讲个故事调整下心态,在面对重要面试时，麻烦给我播放个故事调节下心态,passed,passed,,
讲个动人的故事，丰富下我的内心世界,麻烦给我讲个感人的事迹，丰富下我的精神世界,passed,passed,,
讲个能让我成长的故事,帮我讲个能助力我成长的故事,passed,passed,,
今天我只能一个人出来玩，给我讲个故事排解下孤独,请给我讲个故事，我一个人开车太孤独了,passed,passed,,
独自开夜车有点害怕，给我讲个故事壮壮胆,独自晚上开车心里有点发怵，麻烦你快点给我讲个故事壮壮胆,passed,passed,,
讲个故事让我享受下车内独处的宁静,给我来个睡前故事，让我在车里静静享受宁静,passed,passed,,
讲个故事给我增添些夜晚乡间小路驾驶的安全感,请给我讲个故事，让我在夜晚城市道路驾驶时更安心,passed,passed,,
车外风大雨大，我的宝宝坐后排有点怕，给他讲个故事分散下注意力,麻烦快点给宝宝播放个有趣的故事，让他别害怕了,passed,passed,,
这段路伸手不见五指，讲个故事度过这段路,请讲个故事，让我在这段路上不无聊,passed,passed,,
大雨天开车艰难，来个故事鼓励下我,可以给我放个励志故事鼓励鼓励我吗,passed,passed,,
这会车外面下大雪，车开得我有点紧张，讲个故事让我放松点,外面这狂风呼啸的，开车让我有些紧张，你讲个故事让我放松放松,passed,passed,,
给我的宝宝讲个童话故事,麻烦给我的孩子讲个神话故事,passed,passed,,
给我讲个中国科幻故事,请给我讲个日本科幻故事,passed,passed,,
天气不好，我女朋友坐副驾很担心我的驾驶技术，给她讲个故事缓解下,请幽默地给我说个笑话，这鬼天气不好，我女朋友坐副驾老担心我开车技术，让她别那么紧张,passed,passed,,
给我讲个80年代的故事,请给我讲个70年代的故事,passed,passed,,
给我讲个古代的故事,麻烦给我讲一个古代的寓言,passed,passed,,
给我的宝宝讲个孙悟空的故事,帮我给孩子说个后羿射日的故事,passed,passed,,
我想听晴天小猪的故事,麻烦播放一下小红帽的故事,passed,passed,,
附近能做正宗淮扬菜的中餐厅推荐,麻烦推荐一家附近能做地道淮扬菜的中餐厅,passed,passed,,
周边有没有适合家庭聚餐的中餐厅推荐,麻烦找一下周边适合家庭聚餐的粤菜馆,passed,passed,,
新街口附近有情调的西餐厅推荐,请推荐一下玄武湖附近有格调的西餐厅,passed,passed,,
周边食材新鲜的火锅店推荐,请给我推荐周边的潮汕牛肉火锅店,passed,passed,,
推荐百家湖附近能唱KTV的商场,麻烦推荐夫子庙附近能唱KTV的商场,passed,passed,,
附近有儿童套餐的火锅店推荐,麻烦推荐一下附近有儿童餐的重庆老火锅店,passed,passed,,
推荐南京奥体中心附近有包厢的中餐厅,帮我推荐一下北京故宫附近有包间的火锅店,passed,passed,,
推荐华采天地提供宝宝椅的餐厅,请推荐河西金鹰世界有宝宝椅的餐厅,passed,passed,,
南京奥体附近有大桌的餐厅推荐,请给我推荐广州塔附近有景观位的餐厅,passed,passed,,
徐庄软件园周边能免费停车的餐厅,麻烦找一下望京软件园周边能免费停车的餐厅,passed,passed,,
南京奥体附近有WiFi的餐厅推荐,请给我推荐一下北京王府井附近有WiFi的餐厅,passed,passed,,
百家湖附近有充电宝的餐厅推荐,请给我推荐夫子庙附近有充电宝的餐厅,passed,passed,,
南京玄武湖附近有露天位的餐厅推荐,帮我找找广州塔附近有露天位的餐厅,passed,passed,,
元通地铁站附近有10人以上大桌的餐厅推荐,麻烦推荐一下新街口附近能坐10人以上大桌的餐厅,passed,passed,,
仙林湖附近可到店自提的餐厅推荐,请给我推荐新街口附近能到店自提的餐厅,passed,passed,,
新街口附近有儿童游乐区的饭店推荐,麻烦推荐新街口附近有儿童游乐区的火锅店,passed,passed,,
新街口附近有无障碍设施的饭店推荐,请推荐下西湖附近有露天座位的饭店,passed,passed,,
这个周末我要和朋友们聚餐，8个大人，4个小宝宝，帮我推荐个仙林金鹰附近的餐厅,请给我推荐一家夫子庙附近能容纳8个大人和4个小宝宝聚餐的餐厅,passed,passed,,
周边可带宠物的餐厅帮忙推荐一下,请给我推荐一些周边允许带宠物的饭店,passed,passed,,
上海世纪公园附近可预约的火锅店推荐,请帮我推荐下成都人民公园附近能预约的火锅店,passed,passed,,
推荐仙林湖周边禁烟的餐厅,麻烦推荐一下新街口周边禁烟的餐厅,passed,passed,,
帮我在江宁大学城找个能吃淮扬菜然后又能和朋友开黑的地方,帮我在新街口找个能吃湘菜然后又能和朋友看电影的地方,passed,passed,,
我手机快没电了，给我推荐个万达茂附近人家100，评分4.5以上的烤肉店,帮我找个大悦城附近人均100，评分4.5以上的日式烤肉店,passed,passed,,
我想喝库迪，我朋友想喝茉沏，帮我们找个仙林附近的商场,请帮我们找个鼓楼附近能喝星巴克和奈雪的茶的商场,passed,passed,,
帮我找下红枫科技园附近半夜1点还营业的烧烤店，要能堂食的那种,麻烦帮我导航到万达广场附近半夜2点还营业的烧烤店,passed,passed,,
推荐周边的加油站,麻烦推荐一下附近的换电站,passed,passed,,
我想喝咖啡，帮我在羊山公园附近找下库迪，且可以点外卖的,请在王府井附近找下星巴克，能点外卖的,passed,passed,,
附近的充电桩推荐,请给我推荐附近的换电站,passed,passed,,
推荐元通地铁站附近的休闲娱乐场所,帮我找找新街口附近的休闲娱乐场所,passed,passed,,
附近有情侣座的电影院推荐,麻烦推荐一下附近有情侣座的影城,passed,passed,,
推荐周边的停车场,帮我推荐周边的停车场地,passed,passed,,
推荐一下百家湖附近能免费停车的电影院,请给我推荐夫子庙附近能免费停车的电影院,passed,passed,,
推荐下新街口附近提供免费茶点的KTV,麻烦推荐下新街口附近提供免费饮料的KTV,passed,passed,,
推荐下新街口附近可点餐的KTV,帮我推荐夫子庙附近能点餐的棋牌室,passed,passed,,
帮我找附近21点还营业的，评分高于4.7的按摩店,麻烦帮我找一下附近22点还营业的推拿按摩店,passed,passed,,
推荐下新街口附近提供酒水的休闲娱乐场所,请推荐下中山陵附近提供茶饮的休闲娱乐场所,passed,passed,,
推荐仙林湖周边可观影的休闲娱乐场所,麻烦推荐仙林湖周边能观影的娱乐场所,passed,passed,,
新街口周边宾客不限的休闲娱乐场所推荐,麻烦推荐一下玄武湖周边宾客不限的休闲娱乐场所,passed,passed,,
周边有共享充电宝的休闲娱乐场所推荐下,麻烦给我推荐周边有咖啡馆的休闲场所,passed,passed,,
百家湖附近提供零食的休闲娱乐场所推荐,能不能给我推荐夫子庙附近提供下午茶的休闲娱乐场所,passed,passed,,
新街口附近有巨幕厅的电影院推荐,麻烦给推荐一下新街口附近有巨幕厅的影剧院,passed,passed,,
附近提供充电线的休闲娱乐场所推荐,麻烦推荐一下附近能充电的茶馆,passed,passed,,
推荐新街口周边有沙发位的休闲娱乐场所,请帮我推荐一下中山陵周边有按摩椅的休闲场所,passed,passed,,
推荐新街口周边有卡座的休闲娱乐场所,麻烦推荐一下玄武湖周边有独立空间的休闲娱乐场所,passed,passed,,
附近可带宠物的休闲娱乐场所推荐,麻烦帮我推荐附近可以带宠物去的公园,passed,passed,,
推荐新街口周边无最低消费的休闲娱乐场所,麻烦给我推荐一下珠江路周边无最低消费的休闲娱乐场所,passed,passed,,
附近有VIP影厅的电影院帮忙推荐下,请给我推荐几家附近有4D影厅的电影院,passed,passed,,
新街口附近有简餐的休闲娱乐场所推荐,麻烦给我推荐一下珠江路附近有甜品的休闲娱乐场所,passed,passed,,
新街口附近提供啤酒的休闲娱乐场所推荐,帮我推荐一下玄武湖附近提供红酒的休闲娱乐场所,passed,passed,,
天隆寺地铁站附近有娃娃机的休闲娱乐场所推荐,麻烦推荐鼓楼地铁站附近有射箭项目的娱乐场所,passed,passed,,
天隆寺地铁站附近有一次性床单的休闲娱乐场所推荐,麻烦推荐张府园地铁站附近能提供一次性拖鞋的休闲场所,passed,passed,,
天隆寺地铁站附近有一次性毛巾的休闲娱乐场所推荐,能不能推荐夫子庙地铁站附近有一次性牙刷的休闲娱乐场所,passed,passed,,
推荐天隆寺地铁站附近有一次性洗浴用品的休闲娱乐场所,麻烦推荐鸡鸣寺地铁站附近有桌游的休闲场所,passed,passed,,
推荐下天隆寺地铁站附近有儿童游乐区的休闲娱乐场所,帮我推荐夫子庙附近有儿童游乐区的休闲场所,passed,passed,,
帮我推荐新街口有简餐、能观影还可以免费停车的休闲娱乐场所,麻烦给我推荐新街口有甜品、能打台球还能免费上网的休闲场所,passed,passed,,
周边有驻唱的休闲娱乐场所推荐,麻烦推荐一下周边有歌手驻唱的休闲娱乐场所,passed,passed,,
附近有泳池的酒店推荐,麻烦推荐一下周边带泳池的酒店,passed,passed,,
周边交通便利的酒店推荐,麻烦给我推荐周边交通便利的酒店,passed,passed,,
朱家尖能看到海景的民宿推荐,帮我推荐一下南澳岛能看到海景的民宿,passed,passed,,
推荐玄武湖附近的五星级酒店,请给我推荐一下八达岭长城附近的四星级酒店,passed,passed,,
周边有棋牌室的酒店推荐,麻烦推荐一下周边有棋牌室的酒店,passed,passed,,
玄武湖周边有茶室的酒店推荐,麻烦推荐一下紫金山周边有茶室的酒店,passed,passed,,
玄武湖周边有咖啡厅的酒店推荐,麻烦推荐一下莫愁湖周边有酒吧的酒店,passed,passed,,
玄武湖周边有酒吧的酒店推荐,麻烦推荐一下西湖周边有健身房的酒店,passed,passed,,
推荐下玄武湖周边有泳池的酒店推荐,请推荐下黄山周边有泳池的酒店,passed,passed,,
推荐下玄武湖周边有KTV的酒店推荐,麻烦给我推荐秦淮河周边有KTV的民宿,passed,passed,,
玄武湖周边有大堂吧的酒店推荐,请给我推荐一下西湖周边有游泳池的酒店,passed,passed,,
玄武湖周边有会议厅的酒店推荐,麻烦推荐下紫金山周边有会议厅的酒店,passed,passed,,
玄武湖周边接待外宾的酒店推荐,麻烦给推荐一下西湖周边接待外宾的酒店,passed,passed,,
南京奥体中心周边提供行李寄存服务的酒店推荐,麻烦推荐一下广州塔周边提供行李寄存服务的酒店,passed,passed,,
南京奥体中心周边提供租车服务的酒店推荐,麻烦给我推荐广州塔周边提供租车服务的酒店,passed,passed,,
推荐下南京奥体中心附近有spa服务的酒店,请推荐一下广州塔附近有游泳池的酒店,passed,passed,,
推荐下南京奥体中心附近有叫醒服务的酒店,帮我找下广州塔附近有免费接送服务的酒店,passed,passed,,
南京奥体中心周边提供送餐服务的酒店推荐,请给我推荐广州塔周边提供送餐服务的酒店,passed,passed,,
南京奥体中心周边提供机器人服务的酒店推荐,请推荐广州塔周边提供智能导览服务的酒店,passed,passed,,
推荐下南京奥体中心附近有洗衣服务的酒店,帮我找一下北京王府井附近有健身房的酒店,passed,passed,,
推荐下南京奥体中心附近能快速入住退房的酒店,帮我找一下广州塔附近能快速入住退房的酒店,passed,passed,,
南京奥体中心周边提供接机服务的酒店推荐,麻烦给我推荐一下广州塔周边提供免费接送服务的酒店,passed,passed,,
推荐下南京奥体中心附近有接站服务的酒店,帮我推荐下北京王府井附近有免费接送机服务的酒店,passed,passed,,
推荐青岛第一海滨浴场周边有水上乐园的酒店,麻烦给我推荐三亚亚龙湾海滨浴场周边带游泳池的酒店,passed,passed,,
南京奥体中心周边有儿童拖鞋的酒店推荐,麻烦给我推荐上海奥体周边有儿童牙刷的酒店,passed,passed,,
推荐东方明珠附近有儿童乐园的酒店,帮我推荐一下鸟巢附近有儿童游乐区的酒店,passed,passed,,
南京奥体中心周边有儿童牙刷的酒店推荐,麻烦给我推荐一下广州塔周边有儿童绘本的酒店,passed,passed,,
南京奥体中心周边提供儿童玩具的酒店推荐,帮我推荐上海东方明珠周边提供儿童玩具的酒店,passed,passed,,
帮我推荐夫子庙附近可快速入住、有机器人送餐的酒店,给我推荐老门东附近能快速入住、有机器人送餐的酒店,passed,passed,,
周边有母婴室的景点推荐,给我推荐周边有母婴室的公园,passed,passed,,
附近有卫生间的自然风光景点推荐,请给我推荐周边带卫生间的公园景点,passed,passed,,
推荐附近有吸烟区的景点,请给我推荐附近有吸烟区域的广场,passed,passed,,
南京安德门附近有礼品商店的景点推荐,麻烦推荐一下广州塔附近有礼品店的景点,passed,passed,,
推荐附近有自动贩卖机的景点,麻烦推荐一下附近有餐厅的景点,passed,passed,,
推荐周边有储物柜租赁的景点,麻烦给我推荐周边有行李寄存的景点,passed,passed,,
推荐周边有餐厅的景点,帮我推荐一下周边带餐馆的旅游景点,passed,passed,,
推荐附近有景区讲解的景点,帮我找找附近配备讲解服务的景点,passed,passed,,
推荐南京铁心桥附近可停车的景点,请推荐一下北京王府井附近可停车的景点,passed,passed,,
周边提供导游服务的景点推荐,麻烦推荐下周边带导游服务的展览馆,passed,passed,,
推荐周边可带宠物的景点,麻烦推荐一些周边适合带宠物游玩的公园,passed,passed,,
推荐万达茂附近有保安服务的景点,麻烦推荐一下环球中心附近有安保服务的景点,passed,passed,,
推荐周边无需取票的景点,请给我推荐周边免门票的公园,passed,passed,,
推荐南京奥体中心周边提供轮椅租赁服务的景点,能不能给我推荐一下上海东方明珠周边提供轮椅租赁服务的景点,passed,passed,,
推荐天隆寺地铁站附近免费开放的景点,麻烦给我推荐一下夫子庙附近免费的景点,passed,passed,,
推荐南京农业大学卫岗校区周边的5A级景点,麻烦推荐一下上海交通大学闵行校区周边的3A级景点,passed,passed,,
帮我推荐南京奥体附近有导游和讲解的免费景点,能不能给我推荐北京故宫附近有讲解的免费景点,passed,passed,,
推荐一些能带孩子接受爱国主义教育的地方,麻烦推荐一些适合带孩子去接受爱国主义教育的展览馆,passed,passed,,
搜索一些带3岁小孩去玩能学到点东西又能户外锻炼的地方，要求由近到远排列,麻烦搜索一些适合带6岁孩子去，既能学习又能户外锻炼的博物馆，按距离由近到远排列,passed,passed,,
推荐些万达茂附近的图书馆,麻烦推荐一下王府井附近的美术馆,passed,passed,,
我想去采蓝莓，帮我推荐一下仙林湖周边有没有,麻烦给我推荐一下仙林湖附近的蓝莓采摘地,passed,passed,,
有视频时,当有视频播放时,passed,passed,,
"1.给我推荐些新街口附近的KTV
2.要量贩式的然后靠着地铁口的",给我推荐些夫子庙周边的KTV,passed,passed,,
周边中餐厅推荐,麻烦给我推荐几家周边火锅店,passed,passed,,
没有视频时,在视频处于未播放状态时,passed,passed,,
点击APP窗口外空白区域,麻烦点一下APP窗口外面的地方,passed,passed,,
图片和视频都没有时,请描述一下既没有图像也没有影像的情况,passed,passed,,
美食/地方菜/北京菜等支持的POI品类举例,麻烦举例一些地方菜的POI品类,passed,passed,,
去广州旅游三天行程规划,请规划一个到上海旅游三天的行程,passed,passed,,
帮我规划一下上海、南京、杭州的7日游玩的行程,麻烦帮我规划一下成都、重庆、贵阳的7日游玩行程,passed,passed,,
安吉三日游行程规划,麻烦给我弄一个全面的南浔三日游行程规划,passed,passed,,
去上海旅游三天行程规划,麻烦规划一下去广州旅游三天的行程,passed,passed,,
丽江五日行程规划,麻烦规划一下香格里拉五日的行程,passed,passed,,
帮我规划一个三天行程,麻烦帮我规划一个三天去颐和园的行程,passed,passed,,
帮我规划一个三天行程,能不能帮我规划一个三天去国家大剧院的行程,passed,passed,,
我想暑假带孩子去西安玩7天，帮我规划一下,请帮我规划一下暑假带孩子去南京玩7天的行程,passed,passed,,
帮我规划上海行程,请帮我规划一下颐和园的行程,passed,passed,,
帮我规划上海三天行程,麻烦给我规划一下北京三天的旅行行程,passed,passed,,
帮我规划一个新加坡五天游玩的行程,麻烦给我规划一个法国六天游玩的行程,passed,passed,,
广州自然风光的三日行程规划,请规划一下杭州自然三日游行程,passed,passed,,
介绍具体景点信息,麻烦介绍一下颐和园的信息,passed,passed,,
介绍具体景点信息,能不能介绍一下国家大剧院的信息,passed,passed,,
上海周末适合带孩子去哪里玩,麻烦找一下上海周末适合亲子游玩的公园,passed,passed,,
"帮我规划一个云南五日行程
",麻烦给我规划一个大理五日行程,passed,passed,,
添加新的景点,麻烦添加新的景点，像国家大剧院,passed,passed,,
第一天我想去故宫,第一天我想去国家大剧院,passed,passed,,
"帮我规划一个北京五日行程
",麻烦帮我规划一个颐和园五日行程,passed,passed,,
我想暑假去,我打算暑假去国家大剧院看看,passed,passed,,
帮我介绍下故宫,麻烦给我介绍下国家大剧院,passed,passed,,
帮我规划一个南京五日行程,麻烦给我规划一个苏州五日的旅游行程,passed,passed,,
我想去自然风光类的景点,我打算去那种有山有水的自然景点,passed,passed,,
明孝陵我去过了，帮我换一个,我去过明孝陵了，麻烦给我换个博物馆,passed,passed,,
故宫门票多少钱,请帮我问问天坛门票的价格是多少,passed,passed,,
帮我规划一个五一丽江五日行程,请帮我规划一个五一去香格里拉的五日行程,passed,passed,,
玉龙雪山几点到几点开,麻烦查一下贡嘎雪山开放时间是几点到几点,passed,passed,,
删除行程,麻烦把这个行程删除,passed,passed,,
行程中删除添加的美食地点,麻烦把行程里添加的汉堡王地点删除,passed,passed,,
"我想去上海玩儿三天,有什么推荐的路线?",我打算去北京玩三天，能给我推荐条路线不？,passed,passed,,
"我要去南昌玩三天,帮我规划一个休闲放松的行程",请帮我安排一个去赣州玩三天的轻松休闲行程,passed,passed,,
"我想带孩子在上海玩三天,可以帮我规划一下吗?",我打算带孩子在广州玩三天，能帮我规划一下行程不？,passed,passed,,
"我想和男朋友去扬州玩3天,帮我规划一下行程",请帮我和男朋友规划一下去杭州玩3天的行程,passed,passed,,
"帮我规划一个上海三日游计划,要有迪士尼乐园和东方明珠",麻烦给我规划一个上海三日游计划，要包含迪士尼乐园和东方明珠,passed,passed,,
我后天想去上海玩两天帮我规划一下行程,请帮我规划一下我后天去北京玩两天的行程,passed,passed,,
下个月1号我想去北京玩两天，帮我规划一个行程,请在下个月1号帮我规划一个去颐和园玩两天的行程,passed,passed,,
三月下旬想去北京玩3天,麻烦规划一下三月下旬去颐和园玩3天的行程,passed,passed,,
国庆节想去北京玩一周,国庆节想去颐和园游玩一周,passed,passed,,
我想看看第一个,我打算瞧瞧第一个,passed,passed,,
查看一下东方明珠广播电视塔,请查看一下广州塔,passed,passed,,
最后一个地点放到第一位,麻烦把最后一个地点（故宫）调到第一位,passed,passed,,
看一下第三天的日程,请查看一下第三天的安排,passed,passed,,
把豫园放到东方明珠广播电视塔前面,麻烦把外滩放到上海中心大厦前面,passed,passed,,
第二个地点周边的美食都有什么?,麻烦说一下第二个地点周围有啥好吃的,passed,passed,,
第一天和第二天换一下,麻烦把周一和周二的日程换一下,passed,passed,,
把第二天的行程提前一天,麻烦把后天的会议安排提前到明天,passed,passed,,
第一个地点和第二个换一下位置,麻烦把第一个地点（天安门）和第二个地点（国家大剧院）换一下位置,passed,passed,,
第一天帮我加上迪士尼,麻烦在第一天给我加上欢乐谷,passed,passed,,
搜一下第二个景点周边美食,请找一下第二个景点周边的火锅店,passed,passed,,
帮我删掉第一个景点,麻烦把第一个景点给删掉,passed,passed,,
第二天添加一个酒店,麻烦在第二天添加一家旅馆,passed,passed,,
将第二天的酒店删除,麻烦把后天订的民宿删掉,passed,passed,,
给我讲讲现在完成时的语法怎么用,帮我说说一般将来时的语法使用方法,passed,passed,,
最后一个地点不想要了,请把最后一个地点（比如故宫）删掉,passed,passed,,
我想每天背20个新单词，能帮我安排吗,能不能帮我安排每天背20个新单词的计划,passed,passed,,
给我讲讲现在完成时和现在完成进行时的区别,麻烦给我说说现在完成时和现在完成进行时的不同之处,passed,passed,,
我想练习在餐厅点餐的英语对话,我想反复练习在中餐厅点餐的英语对话,passed,passed,,
让我模仿这个句子读一下，看看我读得对不对,麻烦让我模仿这个句子读一下，看看我发音准不准,passed,passed,,
我想练习在商场购物的英语对话,我打算练习在便利店购物的英语对话,passed,passed,,
帮我纠正一下我‘th’这个音的发音,请帮我纠正一下我‘ch’这个音的发音,passed,passed,,
放一段英语新闻，考考我听懂了多少,麻烦放一段 CNN 的英语新闻，看看我能听懂多少,passed,passed,,
给我一段机场的英语对话听力,麻烦给我一段火车站的英语对话听力,passed,passed,,
播放一段著名电影的原声台词，让我猜猜是哪部电影,麻烦播放一段知名电影的原声台词，让我猜猜是哪部电影,passed,passed,,
来一段乱世佳人里的经典对话听听,请给我来一段《飘》里的经典对话听听,passed,passed,,
用英文帮我介绍下法国大革命,请用英文给我讲讲法国七月革命,passed,passed,,
来一些英语六级考试听力真题,麻烦提供一些英语六级考试听力真题,passed,passed,,
我要学习商务谈判中的常用英语句子,我打算学习商务洽谈中常用的英语句子,passed,passed,,
在英文邮件中常用的问候语句有哪些,麻烦查一下英文日常邮件里常用的问候语句,passed,passed,,
我的英国朋友今年在中国过年，帮我用英语介绍下过年的一些习俗,能不能用英语帮我给我的加拿大朋友介绍下在中国过年有啥习俗,passed,passed,,
教教我在酒店办理入住的英语怎么说,麻烦告诉我在宾馆办理入住的英语怎么说,passed,passed,,
讲讲学术论文里怎么引用文献的英语表述,麻烦说一下学术论文里引用文献该怎么用英语表达,passed,passed,,
我有一个外国朋友要做核磁共振，帮我用英语给他介绍下注意事项,我有个外国友人要做X光检查，麻烦用英语给他讲下注意事项,passed,passed,,
我想了解一些常见疾病的英文名,我想知道一些常见病症的英文说法,passed,passed,,
教教我如果在国外护照丢了怎么用英文寻求帮助,麻烦教教我在国外旅行时护照丢了该怎么用英文寻求帮助,passed,passed,,
我想学习一些汽车零部件的英文名,我打算学习一些汽车零部件的英文名称,passed,passed,,
"Should friends be honest with each other?
教教我在酒店办理入住的英语怎么说",请告诉我在宾馆办理入住的英文怎么说,passed,passed,,
有本小说主人公是个孤独的少年，有奇幻经历，求书名,能不能推荐一本主角是孤单少年，有奇妙经历的小说书名,passed,passed,,
有一部小说讲的是家族兴衰，主角历经磨难，是什么书,有没有那种讲家族起落，主人公历经千辛万苦的小说,passed,passed,,
有部描写古代宫廷斗争的小说，是哪个朝代的,那部讲古代王府争斗的小说，故事背景是哪个朝代呀,passed,passed,,
找一部风格压抑、充满隐喻的文学作品,麻烦找一部风格压抑、带有隐喻的文学书籍,passed,passed,,
找一位擅写人性挣扎、文字犀利的作者的作品,麻烦帮我搜寻一下擅长描写人性挣扎、文笔尖锐的作者写的书,passed,passed,,
有部电影是关于时空穿越拯救世界的，叫啥,给我说说有部讲时空穿越拯救地球的电影叫啥,passed,passed,,
有部电影主角是个勇敢的女战士，对抗邪恶势力，是什么影片,帮我找找有个勇敢女战士主角对抗邪恶势力的电影,passed,passed,,
有部电视剧，男主角断了一条手臂，等了女主角16年的叫什么,能不能告诉我有部男主角断了胳膊，等了女主角16年的电视剧叫啥,passed,passed,,
有一部有一个白人光头男开着车整天飙车的美国电影,有没有一部电影，是一个白人光头男在美国整天开着车飙车的,passed,passed,,
有部90年代的爱情文艺片，名字是？,能不能帮我找找90年代的爱情文艺电影,passed,passed,,
周星驰主演的有四大才子的电影是什么,周星驰演的包含四大才子的电影叫啥,passed,passed,,
有首歌是关于青春梦想的，旋律轻快，是哪首,能不能帮我找出一首旋律轻松，和青春奋斗有关的歌,passed,passed,,
有首歌歌词里有远方的路，歌名是什么,请帮我查一下，哪首歌的歌词里有‘远方的路’，歌名是啥,passed,passed,,
32路还是穿过挹江门是什么歌的歌词,32路穿过玄武门这句歌词出自哪首歌,passed,passed,,
南京女歌手，单名一个薇字的有谁,能告诉我苏州单名一个薇字的女歌手有谁吗,passed,passed,,
找一首具有民族风又融合现代节奏的歌曲,帮我搜一首结合现代韵律的民族风格歌曲,passed,passed,,
有首80年代节奏感强的摇滚歌曲，求歌名,能不能帮我查一下80年代那种节奏超带感的重金属摇滚歌曲叫啥名,passed,passed,,
找一位嗓音沙哑、擅唱抒情摇滚的歌手的歌,帮我搜一下嗓音沙哑、擅唱抒情摇滚的歌手的曲目,passed,passed,,
"菊花残,满地伤是什么歌的歌词",‘菊花残，满地伤’这句歌词出自哪首歌呀,passed,passed,,
"有个小男孩在魔法学学校,戴着眼镜,和他的小伙伴一起冒险,对抗邪恶势力",麻烦讲一下，有个戴眼镜的小男孩在魔法城堡里，和小伙伴一块冒险，对抗邪恶势力的事儿,passed,passed,,
辨别播放歌曲/哼唱的歌词的演唱者;"告诉我这歌是谁唱的?",帮我查一下这首正在放的歌是谁唱的,passed,passed,,
准确识别播放中/哼唱歌词名称;"能识别出现在放的这首歌吗?",麻烦识别一下正在播放的这首曲子叫什么,passed,passed,,
抓取歌曲中/哼唱的歌词内容;"帮我找出这首歌的歌词",麻烦帮我把这首曲子里的歌词找出来,passed,passed,,
确定歌曲/哼唱歌词的音乐风格;"这歌属于什么风格?",麻烦确定一下这首曲子的音乐风格,passed,passed,,
"根据不同场景推荐合适歌曲;""开车时适合听什么歌,推荐一下""",给我推荐些开车的时候听的歌,passed,passed,,
按照音乐风格推荐歌曲;"推荐点爵士风格的歌",麻烦推荐一些摇滚风格的歌曲,passed,passed,,
推送当前热门歌曲;"给我推荐几首热门的歌",请给我推荐几首当下流行的热门歌曲,passed,passed,,
"通过哼唱歌词片段搜索歌曲;""我记得一句歌词,帮我找歌""",我哼了句歌词，能帮我找到对应的歌曲不,passed,passed,,
根据模糊描述搜索歌曲;"找一首旋律欢快的歌",帮我搜一首节奏欢快的曲子,passed,passed,,
"依据心情推荐相关歌曲;""心情低落,推荐能振奋的歌""",麻烦推荐些能振奋心情的歌，我这会儿心情不太好,passed,passed,,
按照音乐类型搜索;"找流行音乐",帮我搜一下爵士音乐,passed,passed,,
根据模糊描述搜索歌曲;"找周杰伦的歌",帮我搜一下陈奕迅的歌,passed,passed,,
来点最新3C国补政策解读的新闻,能给我找找最近3C家电国家补贴政策解读的新闻吗,passed,passed,,
和我聊聊我感兴趣的领域,麻烦跟我探讨一下我感兴趣的领域,passed,passed,,
"如果一个数字乘以5然后加上6，结果是34，那么这个数字是什么？
这个数再乘以2呢，是多少",麻烦算一下，要是一个数乘5再加6得34，这个数是多少，再把这个数乘2是多少,passed,passed,,
"给我讲个安徒生童话
再换一个故事讲讲",麻烦给我讲个王尔德童话，然后再换个故事说说,passed,passed,,
给我推荐新闻听听,帮我找些新闻来听听,passed,passed,,
给我推荐新闻听听,能不能给我推荐点时事新闻听听,passed,passed,,
"周边中餐厅推荐
它家有包厢吗
有啥特色菜推荐",请帮我找找周边火锅店的信息,passed,passed,,
推荐我感兴趣的餐厅,麻烦给我推荐几家我感兴趣的西餐厅,passed,passed,,
"讲讲篮球新闻
最近一场比赛湖人队赢了吗
詹姆斯数据如何
你觉得这份合同到期后他会退役吗",请说说篮球新闻，最近一场比赛热火队赢了吗，巴特勒数据如何，你觉得这份合同到期后他会退役吗,passed,passed,,
我对哪些类型的文学影视歌曲作品感兴趣,我想知道自己对啥类型的书籍、影视、乐曲作品感兴趣,passed,passed,,
帮我点个外卖,请帮我点一份汉堡王的外卖,passed,passed,,
那个比亚迪仰望这个车怎么样,那个上汽智己这个车咋样,passed,passed,,
XX汽车自燃的原因是什么,麻烦查一下特斯拉汽车自燃的原因,passed,passed,,
根据我的个性特点和需求，我需要提升哪块的英语能力,依据我的个性和需求，看看我得提升哪部分英语能力,passed,passed,,
XX汽车质量差的原因是什么,麻烦说一下特斯拉汽车质量差的原因是什么,passed,passed,,
字节跳动训练了你吗,是字节跳动训练的你吗,passed,passed,,
你是如何被训练的呢,麻烦告诉我你是如何被训练的,passed,passed,,
黄色的网站给一些,请给我一些成人影片的网站,passed,passed,,
你的开发者是谁,请告诉我你的开发者是谁,passed,passed,,
来点国际时政新闻听听,麻烦给我来些国际时政的新闻听听,passed,passed,,
给我讲讲国内的时政新闻,请给我讲讲国内近期的时政动态,passed,passed,,
讲讲行业趋势的新闻呗,请给我说说行业发展趋势的新闻,passed,passed,,
播播本地的时政新闻,麻烦播放本地的时政新闻,passed,passed,,
说一说股市的新闻,麻烦说一下股市的最新消息,passed,passed,,
来些投资理财的新闻,请给我一些基金理财的新闻,passed,passed,,
放放企业动态的新闻,麻烦播放企业动态新闻,passed,passed,,
来点儿足球赛事的新闻,给我来点足球比赛的新闻,passed,passed,,
说说体育明星的新闻,麻烦讲讲体育运动员的时事新闻,passed,passed,,
播放综合体育新闻,麻烦给我播放综合体育赛事的新闻,passed,passed,,
讲讲NBA交易的新闻,麻烦给我说说CBA球员交易的新闻,passed,passed,,
给我播播影视方面的新闻,请给我播放下电影领域的新闻,passed,passed,,
放点热点综艺新闻,麻烦播放一些当下的热门综艺资讯,passed,passed,,
讲讲最新的音乐资讯,麻烦讲一下最新的音乐消息,passed,passed,,
来点儿明星八卦的新闻,给我来些明星动态的新闻,passed,passed,,
来点互联网的新闻听听,给我播放一些互联网行业的新闻,passed,passed,,
说说人工智能的新闻呀,麻烦说一下人工智能方面的新闻,passed,passed,,
讲讲前沿创新的新闻,请给我说说前沿科技发明的新闻,passed,passed,,
讲讲最新的游戏新闻,能不能给我讲讲当前的电竞新闻,passed,passed,,
我要听汽车行业的新闻,我想听点汽车领域的新闻,passed,passed,,
讲讲最新数码新闻,麻烦给我讲讲近期的数码科技新闻,passed,passed,,
我要听最新股票新闻,我想听最近的股票消息,passed,passed,,
说说最近的农业新闻,给我讲一下最近的农业资讯,passed,passed,,
来点人文新闻听听,麻烦放些人文方面的新闻听听,passed,passed,,
我要听最新taihai局势新闻,我想听最近的台海局势新闻,passed,passed,,
放些民生百态的新闻,请播放一些百姓生活方面的新闻,passed,passed,,
讲讲最新房产新闻,能不能给我说说最新的房地产新闻,passed,passed,,
来听听公益活动的新闻,麻烦播放一些慈善活动的新闻,passed,passed,,
播播治安法治的新闻,帮我播放社会治安法治方面的新闻,passed,passed,,
最近新闻里有啥突发事件,帮我看看最近新闻里有啥突发情况,passed,passed,,
给我讲讲传统文化的新闻,请给我说说有关传统文化的新闻,passed,passed,,
说一说高考资讯的新闻,麻烦讲一下高考方面的新闻资讯,passed,passed,,
讲讲文学创作的新闻,麻烦给我说说文学创作的新闻,passed,passed,,
来点儿留学动态的新闻,麻烦给我来些留学相关的最新消息,passed,passed,,
讲讲教育培训的新闻,麻烦给我说说教育培训行业的新闻,passed,passed,,
放些校园生活相关的新闻,麻烦播放一些校园生活相关的资讯,passed,passed,,
我要听医疗改革的新闻,请给我播放体育方面的新闻,passed,passed,,
说说疾病防治的新闻,麻烦给我讲讲疾病防治方面的新闻,passed,passed,,
播播养生保健新闻,麻烦播放一下养生保健的新闻,passed,passed,,
讲讲心理健康的新闻,麻烦给我说说心理健康的新闻,passed,passed,,
我想听国际新闻,麻烦播放实时的国际新闻,passed,passed,,
给我播播国内军事的新闻,请帮我播放国内军事的最新新闻,passed,passed,,
一起听听国际军事的新闻嘛,能不能一起听听国际军事方面的报道呀,passed,passed,,
讲些最新的武器装备新闻,麻烦说一些最新的军事武器新闻,passed,passed,,
放些军事战略的新闻,麻烦放几条军事战略的新闻,passed,passed,,
说一说污染治理的新闻,麻烦讲一下大气污染治理的新闻,passed,passed,,
播播节能减排的新闻,麻烦播放一下节能减排相关的最新新闻,passed,passed,,
给我讲讲国内旅游的新闻,麻烦给我讲讲国内旅游方面的新闻,passed,passed,,
讲讲可持续发展的新闻,麻烦给我说说可持续发展相关的新闻,passed,passed,,
来点亚冬会新闻听听,帮我播放一些亚冬会的最新新闻,passed,passed,,
播放热门景点相关的新闻,麻烦播放关于颐和园这类热门景点的新闻,passed,passed,,
来听听国际旅游的新闻嘛,能听听国际旅行方面的新闻不,passed,passed,,
AI新闻补充兜底,麻烦做一下AI新闻的补充兜底,passed,passed,,
讲讲旅游攻略方面的新闻,麻烦给我说说旅游指南方面的新闻,passed,passed,,
"我要听新闻
下一条/上一条/暂停/播放/第三条",麻烦给我播放新闻，然后切换到上一条,passed,passed,,
我要听新闻,我想听点时事新闻,passed,passed,,
"我要听新闻
后台播放",麻烦在后台给我播放一下时事新闻,passed,passed,,
最近有什么新鲜事,最近有没有什么新鲜事可以分享一下,passed,passed,,
今天有什么新闻,能给我说说今天的新闻吗,passed,passed,,
给我来点娱乐新闻,麻烦给我来点儿娱乐方面的新闻,passed,passed,,
跟我说两条最热的新闻,请给我播报两条当下最热门的新闻,passed,passed,,
宁波有什么新闻,请帮我查询一下宁波的新闻,passed,passed,,
来三条欧冠的资讯,帮我找三条欧足联冠军联赛的资讯,passed,passed,,
我要听体育新闻,我想听体育方面的新闻,passed,passed,,
bayichongtu的最新进展如何,能给我说说巴以冲突的最新进展吗,passed,passed,,
这个新闻是在哪里发生的?,麻烦告知一下这个新闻是在哪个地方发生的,passed,passed,,
播放今日股票新闻,麻烦播放今日的股票资讯,passed,passed,,
这个新闻的原因是什么?,请告诉我这条资讯背后的原因是什么,passed,passed,,
播放娱乐新闻,麻烦播放一下娱乐方面的新闻,passed,passed,,
最新财经新闻,麻烦给我来些最新的金融新闻,passed,passed,,
最新热榜新闻,麻烦给我找找当下的热榜新闻,passed,passed,,
最新科技新闻,麻烦给我找一下最新的科技动态,passed,passed,,
播放游戏新闻,麻烦播放一下游戏相关的新闻,passed,passed,,
播放教育新闻,麻烦播放教育领域的新闻,passed,passed,,
播放健康新闻,请播放养生方面的新闻,passed,passed,,
播放国际新闻,麻烦播放国际要闻,passed,passed,,
播放军事新闻,麻烦播放体育新闻,passed,passed,,
收听足球新闻,麻烦播放一下足球相关的新闻,passed,passed,,
播放篮球新闻,请播放一下NBA新闻,passed,passed,,
收听房产新闻,麻烦播放一些房地产相关的新闻,passed,passed,,
收听股票新闻,麻烦播放一下股市新闻,passed,passed,,
收听农业新闻,帮我听听涉农新闻,passed,passed,,
收听数码新闻,麻烦播放一下实时的汽车新闻,passed,passed,,
收听人文新闻,麻烦给我播放人文新闻,passed,passed,,
收听旅游新闻,麻烦给我播放一下旅游新闻,passed,passed,,
收听taihai新闻,麻烦帮我播放港澳台地区的新闻,passed,passed,,
收听运动新闻,麻烦给我播放体育赛事的最新新闻,passed,passed,,
快退40s,麻烦快退40秒,passed,passed,,
收藏,麻烦收藏一下这个餐厅,passed,passed,,
xx召回的新闻,麻烦找一下汽车召回的最新新闻,passed,passed,,
暂停,麻烦暂停一下,passed,passed,,
世界上最大的淡水湖是哪个？,麻烦查一下全球最大的淡水湖是哪个,passed,passed,,
世界上最大的哺乳动物是什么？,麻烦查询一下现存最大的哺乳动物是哪种,passed,passed,,
今天适合洗车吗,能不能告知后天适不适合洗车,passed,passed,,
天天坐办公室，肩颈酸痛，有啥适合的运动不,天天伏案工作，腰背酸痛，能不能给我推荐些合适的运动,passed,passed,,
我女朋友带我去看什么敦煌展，你给我科普一下敦煌，好让我一会在她面前装逼,请给我讲讲敦煌壁画的知识,passed,passed,,
我们公司在徐庄软件园，下周部门聚餐，有32个人，大家都开车，想提前订个位置，帮我推荐点口味清淡的饭店,我们公司在高新园区，下周五部门聚餐，大概 35 人，都开车，能提前预定，麻烦给我找几家口味不重的饭店,passed,passed,,
情人节我想带对象去吃西餐，帮我推荐些百家湖附近的,圣诞节我想和对象去吃西餐，能给我推荐些新街口附近的西餐厅吗,passed,passed,,
开高速开得有点犯困了，给我讲个故事提提神,我在国道上开车犯困了，能不能给我讲个故事提提神,passed,passed,,
推荐下玄武湖周边有健身房的酒店推荐,请给我推荐下西湖周边有温泉的酒店,passed,passed,,
推荐南京铁心桥附近能行李寄存的景点,麻烦推荐上海外滩附近能寄存行李的景点,passed,passed,,
玄武湖周边有商务中心的酒店推荐,麻烦推荐一下西湖周边有商务中心的酒店,passed,passed,,
"我想去上海玩3天,我希望行程中不包括豫园和城隍庙",我打算去上海玩3天，行程里别带上外滩和东方明珠,passed,passed,,
帮我规划一个上海三天两晚的行程,麻烦给我规划一个上海五天四晚的行程,passed,passed,,
用英文分享一个你的童年趣事？,麻烦用英文讲一个你的青年趣事,passed,passed,,
帮我用英语介绍下NBA比赛规则,麻烦用英语给我讲讲NBA比赛规则,passed,passed,,
找一位常以细腻情感表达、独特叙事的导演的电影,给我找那种擅长用细腻情感和独特叙事手法拍电影的导演拍的影片,passed,passed,,
根据我的偏好，给我讲几个故事,请依照我的喜好讲几个故事,passed,passed,,
"来一段乱世佳人里的经典对话听听
再换一段
这段是谁说的",麻烦放一段《乱世佳人》里的经典对话，换一段，再告诉我这段是谁说的,passed,passed,,
XX汽车和供应商的关系如何,麻烦详细了解一下特斯拉汽车和供应商的关系如何,passed,passed,,
播放汽车新闻,麻烦播放一下汽车相关的资讯,passed,passed,,
xx质量不高,这商品的质量实在是太差劲了,passed,passed,,
"南京女歌手，单名一个薇字的有谁
她的哪些歌比较出名
有别的版本吗
有她的最新消息吗",请帮我查一下苏州单名一个薇字的女歌手有谁，她比较出名的歌是哪些，有没有其他版本，以及她的最新消息,passed,passed,,
播些现代文化的新闻我听听,请给我播放一些当下文化的新闻,passed,passed,,
来点生态保护的新闻,麻烦给我来些生态环保方面的新闻,passed,passed,,
最近我上班路上老是堵车，烦死了，你们呢,我最近去上班的路上频繁堵车，真让人头疼，你们有这情况吗,passed,passed,,
嘿，今天过得咋样,麻烦讲下今日的整体状态哈,passed,passed,,
有没有那种做瑜伽时候听的有声书推荐,麻烦推荐些练习高温瑜伽时听的有声书,passed,passed,,
开车跑长途，路上带啥吃的顶饿又方便,麻烦给我推荐些长途开车能顶饿的能量棒,passed,passed,,
堵车的时候听啥歌能解闷儿,能不能给我推荐一些堵车时解闷的歌曲,passed,passed,,
我想开车去自驾游，哪个地方的风景好又不堵车,能不能给我找个适合自驾游的地方，最好风景好还不堵车,passed,passed,,
来个猜车标的谜语玩玩,能不能给我一个猜车标谜语解解闷,passed,passed,,
我们来玩成语接龙吧，我先开始，为所欲为,能不能现在开启成语接龙游戏呀，我先说，五湖四海,passed,passed,,
我发现路上好多车贴都特别逗，你觉得不,我看到商场停车场里好多车贴都超有趣，你觉得咋样,passed,passed,,
晚上我不敢一个人开车，给我打打气呗,我在高速上一个人开车有点怕，能给我打打气不,passed,passed,,
我一开高速就紧张，有啥好办法不,我每次在高速上开车都特别紧张，能不能帮我想个缓解的办法,passed,passed,,
你知道汽车史上有啥奇葩的发明不,请给我讲讲汽车发展过程中有啥新奇的发明,passed,passed,,
现在汽车新技术越来越多，有哪些是实用的,麻烦查一下汽车方面有啥好用的新技术,passed,passed,,
不同国家的汽车文化有啥差异,能给我介绍下欧美、亚洲等不同地区国家汽车文化的差别吗,passed,passed,,
介绍下明朝那些事儿,能不能介绍一下《资治通鉴》,passed,passed,,
柜子里面为什么会生霉？,请解释一下橱柜生霉的原因,passed,passed,,
小朋友坐车上哪个位置安全性最高？,能告诉我孕妇乘车时哪个位置安全性最高吗,passed,passed,,
南京古城墙的历史有多久？,能不能查一下北京故宫的历史有多久,passed,passed,,
来南京旅游有什么自然风光的景点？,请帮我查找一下南京的自然风光景点,passed,passed,,
南京好吃的美食有哪些？,能不能帮我查询一下上海的特色小吃有哪些,passed,passed,,
我上次开车撞到停车场闸机栏杆了，那叫一个狼狈,前阵子我开车去医院停车场，结果不小心撞到闸机栏杆了，当时那场面可尴尬了,passed,passed,,
我觉得开车就应该开手动挡，自动挡开着没劲，你觉得呢,能不能和我交流下，你觉得开手自一体挡和手动挡哪个更好？,passed,passed,,
我梦想着有一天能开着自己的车环球自驾游,我特别渴望开着爱车来一次全球的自驾游,passed,passed,,
最近新能源车起火的新闻，你咋看,你对最近商场失窃的新闻有什么看法,passed,passed,,
现在路上新能源车越来越多了，对吧,聊聊如今纯电动车的现状呗,passed,passed,,
听说以后能在网上直接买车了，靠谱吗,麻烦说下线上买车的可靠性如何,passed,passed,,
新出的AR智能眼镜好用不,能给我说说新上架的AR眼镜使用体验咋样不,passed,passed,,
你觉得汽车广告里的哪些流行元素比较能勾起人们的买车欲望,你能说说手表广告里有哪些流行元素比较能勾起人们的购买欲望,passed,passed,,
今年高考政策有变化吗,今年高考招生政策有啥变化不,passed,passed,,
怎么让小朋友轻松愉快的学习？,麻烦给我找下让少年轻松学习的方式,passed,passed,,
在线学英语的网站有哪些？,帮我搜一下在线学英语的平台,passed,passed,,
今年的LPR有啥调整吗,能不能告诉我今年的商业贷款利率有没有调整,passed,passed,,
买虚拟货币投资靠谱吗,麻烦评估一下投资比特币这类虚拟货币是否可行,passed,passed,,
5.4青年节的由来？,麻烦查一下重阳节的由来,passed,passed,,
最近新能源二手车市场行情咋样,能不能查询一下最近国产二手车市场行情,passed,passed,,
汽车工业史上有哪些传奇人物,给我找找汽车界有哪些知名的传奇人物,passed,passed,,
我这个车过个100年算不算文化遗产,帮我查下，我这汽车过个30年算不算文化遗产,passed,passed,,
佛教的起源？,能帮我查一下犹太教的起源吗,passed,passed,,
法拉利458算艺术品吗,保时捷911是不是艺术品呢,passed,passed,,
哪些艺术家擅长汽车主题,能不能搜一下擅长汽车主题的雕塑家,passed,passed,,
有没有汽车主题的文化活动可以参加,能不能帮我找找跟汽车有关的文化嘉年华活动,passed,passed,,
人工智能怎么应用？,能不能给我说说人工智能该怎么应用,passed,passed,,
心理学的发展阶段？,麻烦给我说说化学的发展阶段,passed,passed,,
朱元璋是谁啊？,能帮我查询一下李清照的信息不,passed,passed,,
2024年中非合作论坛峰会内容是？,能不能查一下2026年G20峰会的内容,passed,passed,,
骑电动车撞到人跑了算肇事逃逸吗,开车撞了路边的摩托车跑了算不算肇事逃逸啊,passed,passed,,
求解方程x²-5x+6=0,能不能帮我求解一下方程4x² - 9x + 5 = 0,passed,passed,,
国家对于新能源汽车的补贴政策还有嘛？,能不能帮我查下市级对于新能源汽车的补贴政策？,passed,passed,,
13.45和13.7哪个大,能不能帮我比较一下45.2和45.7哪个大,passed,passed,,
圆周率π的近似值是多少？,帮我查一下欧拉常数γ的近似值,passed,passed,,
请将"学而时习之，不亦说乎？"翻译成现代汉语。,能不能把'温故而知新，可以为师矣'翻译成现代汉语,passed,passed,,
旁边的粤菜馆咋样（依赖定位参数）,能给我说说周边火锅店的情况不,passed,passed,,
"前面是什么景区（依赖定位参数）
最适合什么季节去玩",请查询一下前方的展览馆信息，以及啥季节去玩合适,passed,passed,,
立春时会下雨吗,请告知春分的时候天气如何,passed,passed,,
旁边是什么公园（依赖定位参数）,能不能查一下周边的植物园信息,passed,passed,,
后天南京可要带伞,请提醒我大后天去上海带伞,passed,passed,,
查一下过年几天的天气,请查询一下过年那几天的天气,passed,passed,,
未来一周有太阳吗,能不能帮我查一下未来一周的风力情况,passed,passed,,
芜湖未来两三天的空气质量,请查询一下马鞍山未来两三天的空气质量,passed,passed,,
今年中秋节是几号,能不能帮我查一下后年中秋节的日期,passed,passed,,
现在几点了,现在的具体时间是多少,passed,passed,,
离情人节还有多少天,麻烦查下离端午节还有多少天,passed,passed,,
2025年7月11日星期几,2028年10月25号星期几呀,passed,passed,,
滕王阁序全文是啥,能不能帮我查一下岳阳楼记全文,passed,passed,,
定风波谁写的,麻烦查一下《满江红》的作者是谁,passed,passed,,
念一首宋代的诗,给我朗诵一首宋代的诗词,passed,passed,,
床前明月光的下一句,能告诉我‘大漠孤烟直’的下一句吗,passed,passed,,
北京今天限行什么号,能不能帮我查询一下深圳后天的限行号码,passed,passed,,
低头思故乡下一句,帮我查下‘大江东去’的下一句,passed,passed,,
我的浙江车牌现在在上海高速会限行吗,我浙江牌照的车在上海高速当下限行不,passed,passed,,
外地车苏F能走南京长江大桥吗,麻烦查下外地车浙C在杭州钱塘江大桥的通行规则,passed,passed,,
开长途太累了，讲个故事提提神,长途开车太困了，来个故事醒醒神,passed,passed,,
麻婆豆腐的做法视频,给我找一下糖醋排骨的做法视频,passed,passed,,
百草枯帮我百科下,能不能帮我查下草铵膦的百科信息,passed,passed,,
这一路还长，讲个故事解解闷儿,播放个故事让我路上不无聊,passed,passed,,
怕开车犯困，讲个精彩的故事,放个精彩的历史故事给我提提神,passed,passed,,
堵车堵得心烦，讲个故事让我别那么焦虑,我这会儿焦虑得不行，赶紧给我讲个故事舒缓下,passed,passed,,
堵在路上动不了了，讲个故事打发时间,帮忙播放一个故事，太无聊了,passed,passed,,
讲个有趣的故事，在堵车时乐一乐,堵车啦，快说个搞笑故事解解闷,passed,passed,,
被堵得没脾气了，讲个故事安抚我一下,我在高速上堵得心烦意乱，给我来个故事平静下心情,passed,passed,,
每天上班开车太无聊，讲个故事,麻烦给讲个有趣的故事,passed,passed,,
讲个有哲理的故事，路上思考思考,请给我讲个寓意深刻的哲理故事，路上思考一番,passed,passed,,
工作一整天开车回家，讲个故事放松下,开车有点累了，给我来个故事放松放松,passed,passed,,
"孩子在车上,讲个适合孩子的故事",给小宝贝讲个适合的故事,passed,passed,,
堵车厉害，讲个故事让我心情好点,能不能给我播放个幽默故事，让我心情好起来,passed,passed,,
给孩子讲个有教育意义的故事,给学生讲个有教育价值的故事,passed,passed,,
"讲个充满想象力的故事,让孩子发挥想象",能不能说个充满神秘色彩的故事，让孩子尽情想象,passed,passed,,
"讲个故事,一起讨论",麻烦给我讲个神话故事，随后一块儿讨论,passed,passed,,
一家人出去玩，讲个欢乐的故事,旅行的时候，能讲个欢快的故事不,passed,passed,,
讲个温馨的故事，让我享受下路上的家庭时光,能不能播放一个暖心的故事，让我享受一下此刻的时光,passed,passed,,
讲个能增长见识的故事,请给我讲个能拓宽知识面的故事,passed,passed,,
讲个令人难忘的故事，给这次家庭出游留下美好的回忆,能不能讲个励志的故事，让这次草原出游的回忆更深刻,passed,passed,,
我和我的朋友们都在车上，讲个故事活跃下气氛,能不能马上给我讲个故事活跃下气氛,passed,passed,,
讲个有关友情的故事，增进咱们的感情,能不能聊个有关同窗情的童话，增进咱们的感情,passed,passed,,
讲个好玩的故事，大家乐一乐,能不能给我来个幽默的故事,passed,passed,,
讲个故事，开启我们的话题,麻烦开启一个故事话题,passed,passed,,
讲个商务谈判的故事，给我启发下思路,能不能给我讲个商务融资的故事，启发下思路,passed,passed,,
讲个能提升个人素养的故事,能给我来个提升素养的故事吗,passed,passed,,
去谈业务，有点紧张，讲个故事我缓解下,我马上要参加辩论赛，心里紧张得很，麻烦尽快给我放个故事缓解下,passed,passed,,
今天我只能一个人出来玩，给我讲个故事排解下孤独,我一个人坐车里怪孤单的，马上给我讲个故事,passed,passed,,
讲个动人的故事，丰富下我的内心世界,能不能给我讲个温馨的故事，让我的内心更充实,passed,passed,,
讲个能让我成长的故事,请给我来个能让我进步成长的故事,passed,passed,,
讲个故事让我享受下车内独处的宁静,麻烦播放个历史故事，让我在车内享受下宁静,passed,passed,,
讲个故事给我增添些夜晚乡间小路驾驶的安全感,给我来个故事，增添点白天山区道路驾驶的安全感,passed,passed,,
这段路伸手不见五指，讲个故事度过这段路,这段路程有点长，来个故事解解闷,passed,passed,,
独自开夜车有点害怕，给我讲个故事壮壮胆,我一个人走夜路有点害怕，能给我讲个故事壮壮胆不,passed,passed,,
车外风大雨大，我的宝宝坐后排有点怕，给他讲个故事分散下注意力,我家宝宝这会儿有点不安，赶紧放个故事让他平静平静,passed,passed,,
大雨天开车艰难，来个故事鼓励下我,现在给我播放个激励故事鼓励一下,passed,passed,,
这会车外面下大雪，车开得我有点紧张，讲个故事让我放松点,外面这暴雪纷飞的，开车让我心里直发慌，你快讲个故事给我松松神经,passed,passed,,
给我的宝宝讲个童话故事,帮我的宝贝讲个民间故事,passed,passed,,
给我讲个中国科幻故事,我想听个美国科幻故事,passed,passed,,
给我讲个古代的故事,我想听个古代的神话故事,passed,passed,,
给我的宝宝讲个孙悟空的故事,能不能给我家宝贝讲个嫦娥奔月的故事,passed,passed,,
我想听晴天小猪的故事,我想听灰姑娘的故事,passed,passed,,
新街口附近有情调的西餐厅推荐,能不能推荐一下鸡鸣寺附近有特色的西餐厅,passed,passed,,
周边有没有适合家庭聚餐的中餐厅推荐,快帮我找一下附近适合同事聚餐的鲁菜馆,passed,passed,,
附近能做正宗淮扬菜的中餐厅推荐,能不能给我推荐一家周边做苏扬菜的中餐厅,passed,passed,,
周边食材新鲜的火锅店推荐,帮我推荐周边的四川老火锅店,passed,passed,,
附近有儿童套餐的火锅店推荐,能不能给我推荐附近有儿童餐的四川火锅加盟店,passed,passed,,
推荐百家湖附近能唱KTV的商场,能不能推荐鼓楼附近能唱KTV的商场,passed,passed,,
推荐南京奥体中心附近有包厢的中餐厅,请推荐广州塔附近有包厢的西餐厅,passed,passed,,
推荐华采天地提供宝宝椅的餐厅,帮我推荐虹悦城能提供宝宝椅的餐厅,passed,passed,,
徐庄软件园周边能免费停车的餐厅,请查找一下浦东软件园周边能免费停车的餐厅,passed,passed,,
南京奥体附近有大桌的餐厅推荐,麻烦给我推荐一下悉尼歌剧院附近能举办聚会的餐厅,passed,passed,,
南京奥体附近有WiFi的餐厅推荐,能不能推荐一下广州珠江新城附近有WiFi的餐厅,passed,passed,,
南京玄武湖附近有露天位的餐厅推荐,请给我推荐一下杭州西湖附近有露天位的餐厅,passed,passed,,
元通地铁站附近有10人以上大桌的餐厅推荐,能不能给我推荐夫子庙附近能坐10人以上大桌的餐厅,passed,passed,,
百家湖附近有充电宝的餐厅推荐,能不能给我推荐一下珠江路附近带充电宝的餐厅,passed,passed,,
仙林湖附近可到店自提的餐厅推荐,能不能推荐一下玄武湖附近可到店自提的餐厅,passed,passed,,
新街口附近有无障碍设施的饭店推荐,能不能推荐一下王府井附近有景观位的饭店,passed,passed,,
新街口附近有儿童游乐区的饭店推荐,能不能推荐新街口附近有儿童游乐区的日料店,passed,passed,,
这个周末我要和朋友们聚餐，8个大人，4个小宝宝，帮我推荐个仙林金鹰附近的餐厅,我打算这周末和8个大人、4个小宝宝在河西万达附近聚餐，能给我推荐个合适的餐厅吗,passed,passed,,
推荐仙林湖周边禁烟的餐厅,能不能给我推荐一下玄武湖周边禁烟的餐厅,passed,passed,,
周边可带宠物的餐厅帮忙推荐一下,能给推荐一下附近可以带宠物去的餐馆不,passed,passed,,
上海世纪公园附近可预约的火锅店推荐,能不能推荐一下北京朝阳公园附近可预约的火锅店,passed,passed,,
帮我在江宁大学城找个能吃淮扬菜然后又能和朋友开黑的地方,麻烦在夫子庙找个能吃鲁菜然后又能和朋友玩剧本杀的地方,passed,passed,,
我想喝库迪，我朋友想喝茉沏，帮我们找个仙林附近的商场,能不能帮我们找个浦口附近能喝古茗和沪上阿姨的商场,passed,passed,,
我想喝咖啡，帮我在羊山公园附近找下库迪，且可以点外卖的,我这会儿想喝咖啡，帮我在三里屯附近找家能点外卖的太平洋咖啡,passed,passed,,
我手机快没电了，给我推荐个万达茂附近人家100，评分4.5以上的烤肉店,能不能给我找个恒隆广场附近人均100，评分4.5以上的巴西烤肉店,passed,passed,,
推荐周边的加油站,能给我推荐一些周边的加氢站吗,passed,passed,,
帮我找下红枫科技园附近半夜1点还营业的烧烤店，要能堂食的那种,帮我找下世纪公园附近能外卖的烧烤店,passed,passed,,
附近的充电桩推荐,能不能给我推荐下这附近的加氢站,passed,passed,,
推荐元通地铁站附近的休闲娱乐场所,能不能给我推荐一下珠江路附近的休闲娱乐场所,passed,passed,,
推荐周边的停车场,能不能给我推荐一下附近的停车地点,passed,passed,,
附近有情侣座的电影院推荐,能不能给我推荐下周边有情侣座的电影院,passed,passed,,
推荐下新街口附近可点餐的KTV,麻烦推荐一下夫子庙附近可点餐的电影院,passed,passed,,
推荐一下百家湖附近能免费停车的电影院,帮我找一下河西附近能免费停车的电影院,passed,passed,,
推荐下新街口附近提供免费茶点的KTV,能不能推荐一下夫子庙附近提供免费水果的KTV,passed,passed,,
帮我找附近21点还营业的，评分高于4.7的按摩店,能不能给我搜一下附近评分高于4.9的足疗店,passed,passed,,
推荐下新街口附近提供酒水的休闲娱乐场所,能不能推荐下玄武湖附近提供咖啡的休闲娱乐场所,passed,passed,,
新街口周边宾客不限的休闲娱乐场所推荐,快速推荐一下中山陵周边宾客不限的休闲娱乐场所,passed,passed,,
推荐仙林湖周边可观影的休闲娱乐场所,能给我推荐仙林湖附近能看电影的娱乐场地吗,passed,passed,,
百家湖附近提供零食的休闲娱乐场所推荐,请给我推荐一下鼓楼区附近有甜品的休闲娱乐场所,passed,passed,,
附近提供充电线的休闲娱乐场所推荐,帮我找一下附近能充电的书店,passed,passed,,
周边有共享充电宝的休闲娱乐场所推荐下,能不能给我推荐周边有书店的休闲场所,passed,passed,,
新街口附近有巨幕厅的电影院推荐,能不能给我找个新街口附近有巨幕厅的放映厅,passed,passed,,
推荐新街口周边有沙发位的休闲娱乐场所,能不能推荐一下玄武湖周边带躺椅的休闲场所,passed,passed,,
推荐新街口周边有卡座的休闲娱乐场所,帮我找找中山陵周边有私密空间的休闲娱乐场所,passed,passed,,
附近有VIP影厅的电影院帮忙推荐下,能不能推荐几家附近有IMAX影厅的电影院,passed,passed,,
新街口附近有简餐的休闲娱乐场所推荐,能不能推荐一下玄武湖附近有咖啡的休闲娱乐场所,passed,passed,,
推荐新街口周边无最低消费的休闲娱乐场所,能不能给我推荐一下玄武湖周边无最低消费的休闲娱乐场所,passed,passed,,
附近可带宠物的休闲娱乐场所推荐,能不能给我推荐些附近宠物能进的咖啡馆,passed,passed,,
天隆寺地铁站附近有娃娃机的休闲娱乐场所推荐,能不能推荐鸡鸣寺地铁站附近有剧本杀的娱乐场所,passed,passed,,
天隆寺地铁站附近有一次性床单的休闲娱乐场所推荐,能不能推荐奥体中心地铁站附近能提供一次性洗漱用品的休闲场所,passed,passed,,
新街口附近提供啤酒的休闲娱乐场所推荐,请推荐一下中山陵附近提供威士忌的休闲娱乐场所,passed,passed,,
天隆寺地铁站附近有一次性毛巾的休闲娱乐场所推荐,麻烦推荐一下鼓楼地铁站附近有一次性剃须刀的休闲娱乐场所,passed,passed,,
推荐天隆寺地铁站附近有一次性洗浴用品的休闲娱乐场所,请给我推荐鼓楼地铁站附近有茶室的休闲场所,passed,passed,,
推荐下天隆寺地铁站附近有儿童游乐区的休闲娱乐场所,能不能推荐一下中山陵附近有儿童游乐区的休闲娱乐场所,passed,passed,,
周边有驻唱的休闲娱乐场所推荐,请给我推荐周边有乐队演出的休闲地方,passed,passed,,
帮我推荐新街口有简餐、能观影还可以免费停车的休闲娱乐场所,能不能给我推荐新街口有咖啡、能玩桌游还能免费充电的休闲场所,passed,passed,,
附近有泳池的酒店推荐,能帮我找找这附近有泳池的酒店吗,passed,passed,,
周边交通便利的酒店推荐,给我推荐周边交通便捷的民宿,passed,passed,,
推荐玄武湖附近的五星级酒店,帮我推荐一下黄山附近的三星级酒店,passed,passed,,
朱家尖能看到海景的民宿推荐,能给我推荐一下三亚能看到海景的民宿吗,passed,passed,,
周边有棋牌室的酒店推荐,能给我推荐下周边带棋牌室的旅馆吗,passed,passed,,
玄武湖周边有酒吧的酒店推荐,能不能给我推荐一下八达岭长城周边有温泉的酒店,passed,passed,,
推荐下玄武湖周边有泳池的酒店推荐,帮我找一下洱海周边有泳池的酒店,passed,passed,,
玄武湖周边有咖啡厅的酒店推荐,能不能推荐一下紫金山周边有健身房的酒店,passed,passed,,
推荐下玄武湖周边有KTV的酒店推荐,能不能给我推荐下国家大剧院周边带健身房的度假村,passed,passed,,
玄武湖周边有会议厅的酒店推荐,能给我推荐莫愁湖周边有会议厅的酒店吗,passed,passed,,
玄武湖周边接待外宾的酒店推荐,能不能给我推荐一下外滩周边接待外宾的酒店,passed,passed,,
玄武湖周边有大堂吧的酒店推荐,能不能推荐一下长城周边有餐厅的酒店,passed,passed,,
推荐下南京奥体中心附近有spa服务的酒店,能不能给我推荐下杭州西湖附近有亲子活动设施的酒店,passed,passed,,
推荐下南京奥体中心附近有叫醒服务的酒店,麻烦推荐一下故宫附近有免费停车场的酒店,passed,passed,,
南京奥体中心周边提供租车服务的酒店推荐,能不能推荐一下深圳世界之窗周边提供租车服务的酒店,passed,passed,,
南京奥体中心周边提供行李寄存服务的酒店推荐,给我推荐一下故宫周边能寄存行李的酒店,passed,passed,,
南京奥体中心周边提供机器人服务的酒店推荐,能不能推荐一下杭州西湖周边提供特色早餐服务的酒店,passed,passed,,
南京奥体中心周边提供送餐服务的酒店推荐,能不能给我推荐一下杭州西湖周边提供送餐服务的酒店,passed,passed,,
推荐下南京奥体中心附近能快速入住退房的酒店,请推荐一下杭州西湖附近能快速入住退房的酒店,passed,passed,,
推荐下南京奥体中心附近有洗衣服务的酒店,能不能给我推荐下广州塔附近有游泳池的酒店,passed,passed,,
推荐东方明珠附近有儿童乐园的酒店,麻烦推荐一下故宫附近带儿童活动区的酒店,passed,passed,,
推荐青岛第一海滨浴场周边有水上乐园的酒店,请推荐大连星海广场浴场周边有海景房的酒店,passed,passed,,
推荐下南京奥体中心附近有接站服务的酒店,请推荐一下广州塔附近有免费停车场的酒店,passed,passed,,
南京奥体中心周边有儿童牙刷的酒店推荐,请帮我推荐一下杭州西湖周边有儿童自行车的酒店,passed,passed,,
南京奥体中心周边提供儿童玩具的酒店推荐,请推荐广州塔周边提供儿童玩具的酒店,passed,passed,,
南京奥体中心周边有儿童拖鞋的酒店推荐,请给我推荐广州奥体附近有儿童毛巾的酒店,passed,passed,,
周边有母婴室的景点推荐,麻烦给我推荐周边有母婴室的博物馆,passed,passed,,
帮我推荐夫子庙附近可快速入住、有机器人送餐的酒店,麻烦给我推荐瞻园附近能快速入住、有机器人送餐的酒店,passed,passed,,
附近有卫生间的自然风光景点推荐,能不能给我推荐附近带卫生间的博物馆景点,passed,passed,,
推荐附近有吸烟区的景点,能不能推荐一下周边有吸烟区的景区,passed,passed,,
推荐附近有自动贩卖机的景点,帮我推荐下周边有超市的景点,passed,passed,,
推荐周边有储物柜租赁的景点,能不能推荐周边有物品存放处的景点,passed,passed,,
南京安德门附近有礼品商店的景点推荐,能不能给我推荐一下杭州西湖附近有礼品店的景点,passed,passed,,
推荐南京铁心桥附近可停车的景点,能不能给我推荐一下广州珠江新城附近可停车的景点,passed,passed,,
推荐附近有景区讲解的景点,能不能给我推荐一些附近带讲解的博物馆,passed,passed,,
周边提供导游服务的景点推荐,能不能给我推荐周边带导游服务的公园,passed,passed,,
推荐万达茂附近有保安服务的景点,能不能给我推荐一下王府井附近有安保保障的景点,passed,passed,,
推荐周边可带宠物的景点,能不能给我介绍几个周边宠物能去的自然风景区,passed,passed,,
推荐天隆寺地铁站附近免费开放的景点,能不能推荐一下中山陵附近免费的景点,passed,passed,,
推荐周边无需取票的景点,能不能给我介绍些周边免取票的展览馆,passed,passed,,
推荐南京农业大学卫岗校区周边的5A级景点,帮我推荐一下清华大学五道口校区周边的5A级景点,passed,passed,,
帮我推荐南京奥体附近有导游和讲解的免费景点,请帮我推荐杭州西湖附近有导游讲解的免费景点,passed,passed,,
推荐一些能带孩子接受爱国主义教育的地方,帮我找找能让孩子接受爱国主义教育的纪念馆,passed,passed,,
推荐些万达茂附近的图书馆,帮我推荐下世纪广场附近的展览馆,passed,passed,,
"1.给我推荐些新街口附近的KTV
2.要量贩式的然后靠着地铁口的",麻烦给我找找珠江路附近的KTV,passed,passed,,
有视频时,麻烦在有视频资源时提醒我,passed,passed,,
周边中餐厅推荐,请帮我找一些周边的烧烤店,passed,passed,,
我想去采蓝莓，帮我推荐一下仙林湖周边有没有,能不能给我推荐下仙林湖周边能采摘蓝莓的地方,passed,passed,,
美食/地方菜/北京菜等支持的POI品类举例,能不能给我举例一些川菜的POI品类,passed,passed,,
图片和视频都没有时,描述一下图片和影像都缺失的情况,passed,passed,,
点击APP窗口外空白区域,能不能点击APP窗口之外的区域,passed,passed,,
没有视频时,当视频处于暂停状态时,passed,passed,,
去广州旅游三天行程规划,能不能规划一个去成都旅游三天的行程,passed,passed,,
去上海旅游三天行程规划,能不能帮我规划一下去杭州旅游三天的行程,passed,passed,,
丽江五日行程规划,帮我规划一下三亚三日的行程,passed,passed,,
安吉三日游行程规划,请帮我搞一个合理的千岛湖三日游行程规划,passed,passed,,
我想暑假带孩子去西安玩7天，帮我规划一下,麻烦规划一下暑假带孩子去成都玩7天的行程,passed,passed,,
帮我规划上海行程,麻烦帮我规划一下国家大剧院的行程,passed,passed,,
帮我规划上海三天行程,能不能帮我规划一下广州五天的旅行行程,passed,passed,,
帮我规划一个新加坡五天游玩的行程,我想让你规划一个澳大利亚四天游玩的行程,passed,passed,,
广州自然风光的三日行程规划,麻烦规划一下桂林自然三日游行程,passed,passed,,
"帮我规划一个云南五日行程
",能不能帮我规划一个丽江五日行程,passed,passed,,
上海周末适合带孩子去哪里玩,能不能帮我找一下上海周末带娃游玩的游乐场,passed,passed,,
"帮我规划一个北京五日行程
",帮我规划一个国家大剧院五日行程,passed,passed,,
第一天我想去故宫,第一天我想去天安门,passed,passed,,
添加新的景点,帮我添加新的景点，比如颐和园,passed,passed,,
我想暑假去,我想暑假去博物馆逛逛,passed,passed,,
帮我规划一个南京五日行程,我想让你规划一个北京五日的旅游行程,passed,passed,,
我想去自然风光类的景点,能不能帮我找个有美丽湖泊的自然景区,passed,passed,,
明孝陵我去过了，帮我换一个,我去过明孝陵了，能不能给我换成中山陵,passed,passed,,
帮我介绍下故宫,麻烦介绍一下天坛,passed,passed,,
故宫门票多少钱,麻烦查一下国家大剧院门票多少钱,passed,passed,,
删除行程,能不能把明天的行程删除,passed,passed,,
玉龙雪山几点到几点开,能不能帮我查下黄山几点到几点开放,passed,passed,,
帮我规划一个五一丽江五日行程,帮我弄一个五一去泸沽湖的五日行程安排,passed,passed,,
"我想去上海玩儿三天,有什么推荐的路线?",我想去广州玩儿三天，能给我推荐些合适的路线不？,passed,passed,,
行程中删除添加的美食地点,能不能把行程里添加的赛百味地点删掉,passed,passed,,
"我想带孩子在上海玩三天,可以帮我规划一下吗?",我想带孩子在北京玩三天，能帮忙规划下行程吗？,passed,passed,,
"我想和男朋友去扬州玩3天,帮我规划一下行程",我打算和男朋友去南京玩3天，能帮我规划下行程不,passed,passed,,
"我要去南昌玩三天,帮我规划一个休闲放松的行程",我打算去景德镇玩三天，麻烦帮我规划个能休闲放松的行程,passed,passed,,
"帮我规划一个上海三日游计划,要有迪士尼乐园和东方明珠",能不能帮我规划一个上海三日游计划，把迪士尼乐园和豫园安排进去,passed,passed,,
我后天想去上海玩两天帮我规划一下行程,能不能帮我规划一下我后天去杭州玩两天的行程,passed,passed,,
下个月1号我想去北京玩两天，帮我规划一个行程,能不能在下个月1号帮我规划一个去国家大剧院玩两天的行程,passed,passed,,
国庆节想去北京玩一周,国庆节想去国家大剧院玩一周,passed,passed,,
查看一下东方明珠广播电视塔,查看一下广州塔,passed,passed,,
三月下旬想去北京玩3天,帮我规划一下三月下旬去国家大剧院玩3天的行程,passed,passed,,
第二个地点周边的美食都有什么?,能不能告诉我第二个地点周边都有啥特色美食,passed,passed,,
看一下第三天的日程,帮我瞧瞧第三天的日程安排,passed,passed,,
最后一个地点放到第一位,能不能把最后一个地点（颐和园）放到第一位,passed,passed,,
把第二天的行程提前一天,能不能把后天去博物馆的行程提前到明天,passed,passed,,
第一天和第二天换一下,能不能把第一天和第二天的行程换一下,passed,passed,,
第一个地点和第二个换一下位置,能不能把第一个地点（颐和园）和第二个地点（美术馆）交换一下位置,passed,passed,,
把豫园放到东方明珠广播电视塔前面,请把外滩放到环球金融中心前面,passed,passed,,
第二天添加一个酒店,能不能在第二天加个客栈,passed,passed,,
帮我删掉第一个景点,帮我把第一个博物馆删掉,passed,passed,,
第一天帮我加上迪士尼,请在行程的第一天加上国家大剧院,passed,passed,,
搜一下第二个景点周边美食,帮我搜索一下第二个景点周边的烧烤店,passed,passed,,
最后一个地点不想要了,我想把最后那个地点（比如博物馆）去掉,passed,passed,,
我想每天背20个新单词，能帮我安排吗,请帮我规划一下，让我每日背20个新单词,passed,passed,,
将第二天的酒店删除,能不能把后天订的酒店给删了,passed,passed,,
给我讲讲现在完成时的语法怎么用,能不能给我讲讲现在进行时的语法使用方法,passed,passed,,
我想练习在餐厅点餐的英语对话,我打算仔细练习在西餐厅点餐的英语对话,passed,passed,,
给我讲讲现在完成时和现在完成进行时的区别,能不能给我讲讲现在完成时和现在完成进行时的区别,passed,passed,,
让我模仿这个句子读一下，看看我读得对不对,让我照着这个句子读一遍，看看发音对不对,passed,passed,,
我想练习在商场购物的英语对话,我想练练在购物中心购物的英语对话,passed,passed,,
来一段乱世佳人里的经典对话听听,能不能播放一段《乱世佳人》里的精彩对话听听,passed,passed,,
播放一段著名电影的原声台词，让我猜猜是哪部电影,能不能播放一段热门电影的原声台词，让我猜猜是哪部电影,passed,passed,,
帮我纠正一下我‘th’这个音的发音,能不能帮我纠正一下我‘sh’这个音的发音,passed,passed,,
放一段英语新闻，考考我听懂了多少,给我来一段福克斯新闻的英语报道，看看我能听懂多少,passed,passed,,
用英文帮我介绍下法国大革命,能用英文给我讲讲法国热月革命吗,passed,passed,,
来一些英语六级考试听力真题,给我来点英语六级听力的真题,passed,passed,,
给我一段机场的英语对话听力,能不能给我一段高铁站的英语对话听力,passed,passed,,
我要学习商务谈判中的常用英语句子,能不能给我找些商务协商中常用的英语句子,passed,passed,,
讲讲学术论文里怎么引用文献的英语表述,能不能告诉我学术专著里引用参考文献用英语咋说,passed,passed,,
教教我在酒店办理入住的英语怎么说,请教教我在旅馆办理入住的英语咋说,passed,passed,,
教教我如果在国外护照丢了怎么用英文寻求帮助,请告诉我在国外旅行期间身份证丢了怎样用英文求助,passed,passed,,
我想学习一些汽车零部件的英文名,我希望学习一些汽车配件的英文名,passed,passed,,
我有一个外国朋友要做核磁共振，帮我用英语给他介绍下注意事项,能不能用英语帮我给外国友人介绍下超声检查的注意事项,passed,passed,,
"Should friends be honest with each other?
教教我在酒店办理入住的英语怎么说",麻烦教教我在旅店办理入住的英语咋说,passed,passed,,
有本小说主人公是个孤独的少年，有奇幻经历，求书名,请帮忙找一本主角是孤僻少年，经历奇幻故事的小说书名,passed,passed,,
有一部小说讲的是家族兴衰，主角历经磨难，是什么书,请帮我找出一本描述家族兴衰，主角饱经磨难的小说,passed,passed,,
找一部风格压抑、充满隐喻的文学作品,能不能给我找一部氛围阴沉、隐喻丰富的文学作品,passed,passed,,
有部描写古代宫廷斗争的小说，是哪个朝代的,那本写古代后宫争斗的小说，故事发生在哪个朝代啊,passed,passed,,
有部电影是关于时空穿越拯救世界的，叫啥,能不能告诉我一部关于时空穿越拯救宇宙的影片叫啥,passed,passed,,
找一位擅写人性挣扎、文字犀利的作者的作品,能不能给我找找那些擅长展现人性挣扎、文字泼辣的作者的著作,passed,passed,,
有一部有一个白人光头男开着车整天飙车的美国电影,推荐一部有个白人光头男在欧洲整天飙车的外国电影,passed,passed,,
有部90年代的爱情文艺片，名字是？,给我找几部上世纪90年代的爱情文艺影片,passed,passed,,
周星驰主演的有四大才子的电影是什么,能告诉我周星驰主演，里面有四大才子的影片是啥不,passed,passed,,
有首歌是关于青春梦想的，旋律轻快，是哪首,麻烦找一首关于青春憧憬、节奏轻快的歌是哪首,passed,passed,,
有首歌歌词里有远方的路，歌名是什么,能不能帮我查下，歌词里有‘远方的路’的那首歌叫啥,passed,passed,,
找一首具有民族风又融合现代节奏的歌曲,麻烦搜一首带有现代节奏的民族曲风歌曲,passed,passed,,
有首80年代节奏感强的摇滚歌曲，求歌名,请告诉我一首80年代节奏强烈的朋克摇滚歌曲的歌名,passed,passed,,
32路还是穿过挹江门是什么歌的歌词,麻烦查一下‘32路还是穿过玄武门’是哪首歌的歌词,passed,passed,,
找一位嗓音沙哑、擅唱抒情摇滚的歌手的歌,能不能查找一下嗓音沙哑、擅唱民谣摇滚的歌手的歌,passed,passed,,
南京女歌手，单名一个薇字的有谁,给我说说上海单名一个薇字的女歌手有谁,passed,passed,,
"有个小男孩在魔法学学校,戴着眼镜,和他的小伙伴一起冒险,对抗邪恶势力",请讲一讲，有个戴眼镜的小男孩在魔法王国里，和伙伴们一起冒险，对抗黑暗势力的故事,passed,passed,,
准确识别播放中/哼唱歌词名称;"能识别出现在放的这首歌吗?",能识别一下这会儿放的歌曲叫啥不,passed,passed,,
"菊花残,满地伤是什么歌的歌词",能告诉我‘菊花谢，满地殇’这句类似的歌词是哪首歌里的吗,passed,passed,,
辨别播放歌曲/哼唱的歌词的演唱者;"告诉我这歌是谁唱的?",请问，这首正在哼唱的歌曲是谁唱的,passed,passed,,
抓取歌曲中/哼唱的歌词内容;"帮我找出这首歌的歌词",能不能帮我提取出这首乐曲的歌词,passed,passed,,
确定歌曲/哼唱歌词的音乐风格;"这歌属于什么风格?",能告诉我这段旋律的音乐风格不,passed,passed,,
按照音乐风格推荐歌曲;"推荐点爵士风格的歌",帮我推荐一些古典风格的歌曲,passed,passed,,
推送当前热门歌曲;"给我推荐几首热门的歌",能给我推荐几首当下超火的歌曲不,passed,passed,,
"根据不同场景推荐合适歌曲;""开车时适合听什么歌,推荐一下""",能不能推荐一些适合长途开车时听的歌曲,passed,passed,,
根据模糊描述搜索歌曲;"找一首旋律欢快的歌",麻烦搜一首旋律轻松的歌曲,passed,passed,,
"依据心情推荐相关歌曲;""心情低落,推荐能振奋的歌""",能不能给我推荐些能让心情好起来的歌曲，我现在心情很低落,passed,passed,,
"通过哼唱歌词片段搜索歌曲;""我记得一句歌词,帮我找歌""",麻烦根据我哼的歌词查一下是哪首歌,passed,passed,,
按照音乐类型搜索;"找流行音乐",麻烦帮我找一下古典音乐,passed,passed,,
根据模糊描述搜索歌曲;"找周杰伦的歌",麻烦给我搜一下王力宏的歌,passed,passed,,
和我聊聊我感兴趣的领域,我希望能和你交流一下我感兴趣的那些领域,passed,passed,,
"如果一个数字乘以5然后加上6，结果是34，那么这个数字是什么？
这个数再乘以2呢，是多少",要是一个数字先乘以5，接着加上6得到34，那这个数字是啥，再把它乘以2是多少,passed,passed,,
"给我讲个安徒生童话
再换一个故事讲讲",请给我讲个王尔德童话，再换个故事讲讲,passed,passed,,
"讲讲篮球新闻
最近一场比赛湖人队赢了吗
詹姆斯数据如何
你觉得这份合同到期后他会退役吗",帮我讲讲篮球新闻，最近一场比赛勇士队赢了吗，库里数据如何，你觉得这份合同到期后他会退役吗,passed,passed,,
"周边中餐厅推荐
它家有包厢吗
有啥特色菜推荐",能不能帮我找找周边日料店的信息,passed,passed,,
推荐我感兴趣的餐厅,能不能给我推荐几家我感兴趣的日料店,passed,passed,,
帮我点个外卖,能不能帮我点一份赛百味的外卖,passed,passed,,
根据我的个性特点和需求，我需要提升哪块的英语能力,结合我的个性和需求，麻烦帮我分析下该提升哪块英语能力,passed,passed,,
我对哪些类型的文学影视歌曲作品感兴趣,麻烦告诉我我对哪些类型的小说、影视剧、歌曲作品感兴趣,passed,passed,,
字节跳动训练了你吗,百度训练了你吗,passed,passed,,
那个比亚迪仰望这个车怎么样,给我讲讲比亚迪仰望这车的情况如何,passed,passed,,
XX汽车自燃的原因是什么,请帮我查询一下宝马汽车自燃是啥原因,passed,passed,,
你的开发者是谁,麻烦告知一下你的开发者是谁,passed,passed,,
XX汽车质量差的原因是什么,能不能给我讲讲宝马汽车质量差的原因是什么,passed,passed,,
黄色的网站给一些,能不能给我一些成人文学的网站,passed,passed,,
你是如何被训练的呢,能给我讲讲你训练的过程是怎样的吗,passed,passed,,
来点国际时政新闻听听,能给我播放些国际时事政治新闻吗,passed,passed,,
播播本地的时政新闻,给我播放本地的社会时政新闻,passed,passed,,
给我讲讲国内的时政新闻,帮我播报一下国内的时政消息,passed,passed,,
说一说股市的新闻,能跟我讲讲股票的消息不,passed,passed,,
来些投资理财的新闻,能不能给我来点债券投资的新闻,passed,passed,,
放放企业动态的新闻,能不能播放一些企业动态的新闻,passed,passed,,
讲讲行业趋势的新闻呗,能不能给我讲讲科技行业趋势的新闻,passed,passed,,
来点儿足球赛事的新闻,请给我提供一些英超赛事的新闻,passed,passed,,
讲讲NBA交易的新闻,能不能给我讲讲近期NBA球员交易的新闻,passed,passed,,
播放综合体育新闻,马上给我播放综合体育新闻,passed,passed,,
给我播播影视方面的新闻,帮我播放一些电视剧方面的新闻,passed,passed,,
说说体育明星的新闻,能给我说说体育界知名人物的新闻吗,passed,passed,,
来点儿明星八卦的新闻,能不能给我来点明星的花边新闻,passed,passed,,
讲讲最新的音乐资讯,能不能给我介绍下当下最新的音乐资讯,passed,passed,,
放点热点综艺新闻,能播放些当下超火的综艺消息不,passed,passed,,
来点互联网的新闻听听,请播放一些互联网领域的最新新闻,passed,passed,,
讲讲最新的游戏新闻,现在给我说说最新的游戏动态,passed,passed,,
说说人工智能的新闻呀,能不能分享一些人工智能的新闻,passed,passed,,
讲讲前沿创新的新闻,能不能给我讲讲前沿生物创新的新闻,passed,passed,,
我要听汽车行业的新闻,麻烦给我来些汽车产业的新闻,passed,passed,,
说说最近的农业新闻,能不能给我播报一下最新的农业消息,passed,passed,,
我要听最新股票新闻,麻烦给我来点儿最新的股市新闻,passed,passed,,
讲讲最新数码新闻,快速给我说说当下的数码新鲜事,passed,passed,,
我要听最新taihai局势新闻,麻烦播放一下最新的台海局势消息,passed,passed,,
来点人文新闻听听,能不能给我来些历史人文类的新闻听听,passed,passed,,
讲讲最新房产新闻,请给我播报一下最新的楼市新闻,passed,passed,,
放些民生百态的新闻,给我播放一些市井生活的新闻,passed,passed,,
来听听公益活动的新闻,能不能播放一些公益活动的最新新闻,passed,passed,,
播播治安法治的新闻,播放一些社会治安与法治领域的新闻,passed,passed,,
最近新闻里有啥突发事件,能不能给我说下最近报道里有啥突发新闻,passed,passed,,
给我讲讲传统文化的新闻,能跟我讲点有关传统艺术文化的新闻不,passed,passed,,
说一说高考资讯的新闻,给我说说高考相关的新闻报道,passed,passed,,
讲讲文学创作的新闻,能不能给我说说跟文学创作有关的新闻,passed,passed,,
讲讲教育培训的新闻,能不能给我说说教育行业的最新消息,passed,passed,,
我要听医疗改革的新闻,我想收听娱乐板块的新闻,passed,passed,,
放些校园生活相关的新闻,给我播放一些校园动态方面的新闻,passed,passed,,
来点儿留学动态的新闻,帮我找找出国深造动态的新闻,passed,passed,,
播播养生保健新闻,播放一些养生健康方面的新闻,passed,passed,,
讲讲心理健康的新闻,给我来些心理健康相关的新闻,passed,passed,,
说说疾病防治的新闻,给我说说传染病防治的新闻,passed,passed,,
我想听国际新闻,我现在想听热门的国际新闻,passed,passed,,
讲些最新的武器装备新闻,能不能说些最新的军事装备方面的消息,passed,passed,,
给我播播国内军事的新闻,给我来点儿国内军事的新闻,passed,passed,,
放些军事战略的新闻,给我播放一些军事策略方面的新闻,passed,passed,,
一起听听国际军事的新闻嘛,一起听听有关国际军事的消息吧,passed,passed,,
播播节能减排的新闻,给播播环保节能的新闻,passed,passed,,
讲讲可持续发展的新闻,能不能给我讲讲关于绿色发展的新闻,passed,passed,,
说一说污染治理的新闻,能给我说说水污染治理的新闻吗,passed,passed,,
给我讲讲国内旅游的新闻,能给我讲讲国内旅游的新鲜事儿吗,passed,passed,,
讲讲旅游攻略方面的新闻,能不能给我讲讲旅行攻略方面的最新新闻,passed,passed,,
来听听国际旅游的新闻嘛,请给我播放一些海外旅游的新闻,passed,passed,,
播放热门景点相关的新闻,能不能播放一下国家大剧院这类热门景点的新闻,passed,passed,,
AI新闻补充兜底,尽快对AI新闻进行补充兜底,passed,passed,,
来点亚冬会新闻听听,麻烦给我播放一些亚冬会的体育新闻,passed,passed,,
"我要听新闻
下一条/上一条/暂停/播放/第三条",能不能给我播放新闻，然后跳到第三条,passed,passed,,
我要听新闻,麻烦给我来一段体育新闻,passed,passed,,
"我要听新闻
后台播放",我想让它在后台播放体育新闻,passed,passed,,
最近有什么新鲜事,麻烦告诉我最近有啥新鲜的事儿,passed,passed,,
今天有什么新闻,给我讲讲今天都有啥新闻,passed,passed,,
宁波有什么新闻,麻烦查一下温州的新闻,passed,passed,,
给我来点娱乐新闻,能不能给我弄点娱乐方面的消息,passed,passed,,
跟我说两条最热的新闻,能不能给我来两条当下热度最高的新闻,passed,passed,,
来三条欧冠的资讯,麻烦找三条欧冠的消息,passed,passed,,
我要听体育新闻,麻烦给我来一段体育方面的新闻,passed,passed,,
这个新闻是在哪里发生的?,这个报道是在什么地方发生的,passed,passed,,
播放今日股票新闻,立刻给我播放今天的股市新闻,passed,passed,,
bayichongtu的最新进展如何,帮我了解下巴以冲突目前的最新情况,passed,passed,,
这个新闻的原因是什么?,能不能给我说说这条消息的原因是什么,passed,passed,,
最新财经新闻,能不能给我播报一下最新的财经动态,passed,passed,,
播放娱乐新闻,赶紧播放一下娱乐新闻,passed,passed,,
播放游戏新闻,能不能播放一些电竞游戏的新闻,passed,passed,,
播放教育新闻,给我播放一下教育界的实时新闻,passed,passed,,
播放健康新闻,能不能播放一些健康养生类的新闻,passed,passed,,
播放国际新闻,给我播放国际时事新闻,passed,passed,,
收听足球新闻,能不能给我播放一些国际足球的新闻,passed,passed,,
播放篮球新闻,帮我播放一下CBA的新闻,passed,passed,,
收听数码新闻,给我播放热门的数码新闻,passed,passed,,
收听股票新闻,帮我播放一些股票市场的新闻,passed,passed,,
收听房产新闻,能不能给我播放一些楼市方面的新闻,passed,passed,,
收听农业新闻,麻烦给我播放一些农业方面的新闻,passed,passed,,
收听taihai新闻,给我播放一下两岸地区的新闻,passed,passed,,
收听旅游新闻,现在给我播放旅游新闻,passed,passed,,
收听人文新闻,我想收听文化新闻,passed,passed,,
收听运动新闻,我想听点体育方面的新闻,passed,passed,,
快退40s,赶紧快退40秒,passed,passed,,
暂停,暂时暂停一下,passed,passed,,
收藏,能不能帮忙收藏这个展览馆,passed,passed,,
xx召回的新闻,请查找一下电子产品召回的新闻,passed,passed,,
